caption	image
Functional connectivity matrix for motor task	613538_tfMRI_MOTOR_LR 
Functional connectivity matrix for resting state	620434_rfMRI_REST1_LR 
Functional connectivity matrix for motor task	123824_tfMRI_MOTOR_LR 
Functional connectivity matrix for motor task	734045_tfMRI_MOTOR_LR 
Functional connectivity matrix for resting state	169040_rfMRI_REST1_LR 
Functional connectivity matrix for motor task	176441_tfMRI_MOTOR_LR 
Functional connectivity matrix for resting state	156536_rfMRI_REST1_LR 
Functional connectivity matrix for motor task	173940_tfMRI_MOTOR_LR 
Functional connectivity matrix for motor task	153833_tfMRI_MOTOR_LR 
Functional connectivity matrix for resting state	479762_rfMRI_REST1_LR 
Functional connectivity matrix for resting state	146836_rfMRI_REST1_LR 
Functional connectivity matrix for resting state	102816_rfMRI_REST1_LR 
Functional connectivity matrix for motor task	512835_tfMRI_MOTOR_LR 
Functional connectivity matrix for resting state	101107_rfMRI_REST1_LR 
Functional connectivity matrix for resting state	368753_rfMRI_REST1_LR 
Functional connectivity matrix for resting state	548250_rfMRI_REST1_LR 
Functional connectivity matrix for motor task	645551_tfMRI_MOTOR_LR 
Functional connectivity matrix for motor task	479762_tfMRI_MOTOR_LR 
Functional connectivity matrix for resting state	111514_rfMRI_REST1_LR 
Functional connectivity matrix for resting state	597869_rfMRI_REST1_LR 
Functional connectivity matrix for resting state	285345_rfMRI_REST1_LR 
Functional connectivity matrix for resting state	103111_rfMRI_REST1_LR 
Functional connectivity matrix for motor task	116524_tfMRI_MOTOR_LR 
Functional connectivity matrix for motor task	140824_tfMRI_MOTOR_LR 
Functional connectivity matrix for motor task	119126_tfMRI_MOTOR_LR 
Functional connectivity matrix for motor task	239944_tfMRI_MOTOR_LR 
Functional connectivity matrix for resting state	561242_rfMRI_REST1_LR 
Functional connectivity matrix for motor task	209228_tfMRI_MOTOR_LR 
Functional connectivity matrix for motor task	654754_tfMRI_MOTOR_LR 
Functional connectivity matrix for resting state	283543_rfMRI_REST1_LR 
Functional connectivity matrix for motor task	169949_tfMRI_MOTOR_LR 
Functional connectivity matrix for resting state	180735_rfMRI_REST1_LR 
Functional connectivity matrix for motor task	125424_tfMRI_MOTOR_LR 
Functional connectivity matrix for resting state	169545_rfMRI_REST1_LR 
Functional connectivity matrix for resting state	589567_rfMRI_REST1_LR 
Functional connectivity matrix for motor task	481042_tfMRI_MOTOR_LR 
Functional connectivity matrix for motor task	169444_tfMRI_MOTOR_LR 
Functional connectivity matrix for resting state	161731_rfMRI_REST1_LR 
Functional connectivity matrix for motor task	126628_tfMRI_MOTOR_LR 
Functional connectivity matrix for motor task	622236_tfMRI_MOTOR_LR 
Functional connectivity matrix for motor task	139839_tfMRI_MOTOR_LR 
Functional connectivity matrix for motor task	308331_tfMRI_MOTOR_LR 
Functional connectivity matrix for motor task	144832_tfMRI_MOTOR_LR 
Functional connectivity matrix for motor task	199251_tfMRI_MOTOR_LR 
Functional connectivity matrix for motor task	436845_tfMRI_MOTOR_LR 
Functional connectivity matrix for resting state	182436_rfMRI_REST1_LR 
Functional connectivity matrix for motor task	187345_tfMRI_MOTOR_LR 
Functional connectivity matrix for resting state	134829_rfMRI_REST1_LR 
Functional connectivity matrix for resting state	724446_rfMRI_REST1_LR 
Functional connectivity matrix for resting state	414229_rfMRI_REST1_LR 
Functional connectivity matrix for motor task	310621_tfMRI_MOTOR_LR 
Functional connectivity matrix for resting state	729254_rfMRI_REST1_LR 
Functional connectivity matrix for motor task	194645_tfMRI_MOTOR_LR 
Functional connectivity matrix for resting state	151021_rfMRI_REST1_LR 
Functional connectivity matrix for motor task	199352_tfMRI_MOTOR_LR 
Functional connectivity matrix for motor task	120515_tfMRI_MOTOR_LR 
Functional connectivity matrix for resting state	286650_rfMRI_REST1_LR 
Functional connectivity matrix for motor task	124624_tfMRI_MOTOR_LR 
Functional connectivity matrix for resting state	118528_rfMRI_REST1_LR 
Functional connectivity matrix for resting state	183034_rfMRI_REST1_LR 
Functional connectivity matrix for motor task	679770_tfMRI_MOTOR_LR 
Functional connectivity matrix for motor task	175035_tfMRI_MOTOR_LR 
Functional connectivity matrix for motor task	626648_tfMRI_MOTOR_LR 
Functional connectivity matrix for motor task	562345_tfMRI_MOTOR_LR 
Functional connectivity matrix for motor task	204622_tfMRI_MOTOR_LR 
Functional connectivity matrix for motor task	667056_tfMRI_MOTOR_LR 
Functional connectivity matrix for resting state	406836_rfMRI_REST1_LR 
Functional connectivity matrix for motor task	113316_tfMRI_MOTOR_LR 
Functional connectivity matrix for resting state	191235_rfMRI_REST1_LR 
Functional connectivity matrix for motor task	101915_tfMRI_MOTOR_LR 
Functional connectivity matrix for resting state	123824_rfMRI_REST1_LR 
Functional connectivity matrix for motor task	113215_tfMRI_MOTOR_LR 
Functional connectivity matrix for motor task	200917_tfMRI_MOTOR_LR 
Functional connectivity matrix for resting state	287248_rfMRI_REST1_LR 
Functional connectivity matrix for motor task	121416_tfMRI_MOTOR_LR 
Functional connectivity matrix for resting state	133827_rfMRI_REST1_LR 
Functional connectivity matrix for resting state	342129_rfMRI_REST1_LR 
Functional connectivity matrix for resting state	142828_rfMRI_REST1_LR 
Functional connectivity matrix for resting state	734045_rfMRI_REST1_LR 
Functional connectivity matrix for motor task	114419_tfMRI_MOTOR_LR 
Functional connectivity matrix for motor task	127327_tfMRI_MOTOR_LR 
Functional connectivity matrix for motor task	174841_tfMRI_MOTOR_LR 
Functional connectivity matrix for resting state	366042_rfMRI_REST1_LR 
Functional connectivity matrix for motor task	594156_tfMRI_MOTOR_LR 
Functional connectivity matrix for motor task	445543_tfMRI_MOTOR_LR 
Functional connectivity matrix for motor task	198451_tfMRI_MOTOR_LR 
Functional connectivity matrix for motor task	130114_tfMRI_MOTOR_LR 
Functional connectivity matrix for resting state	135629_rfMRI_REST1_LR 
Functional connectivity matrix for resting state	445543_rfMRI_REST1_LR 
Functional connectivity matrix for resting state	205119_rfMRI_REST1_LR 
Functional connectivity matrix for motor task	154936_tfMRI_MOTOR_LR 
Functional connectivity matrix for resting state	185846_rfMRI_REST1_LR 
Functional connectivity matrix for resting state	137027_rfMRI_REST1_LR 
Functional connectivity matrix for resting state	174841_rfMRI_REST1_LR 
Functional connectivity matrix for resting state	172938_rfMRI_REST1_LR 
Functional connectivity matrix for resting state	360030_rfMRI_REST1_LR 
Functional connectivity matrix for resting state	155231_rfMRI_REST1_LR 
Functional connectivity matrix for motor task	562446_tfMRI_MOTOR_LR 
Functional connectivity matrix for resting state	468050_rfMRI_REST1_LR 
Functional connectivity matrix for motor task	160830_tfMRI_MOTOR_LR 
Functional connectivity matrix for motor task	737960_tfMRI_MOTOR_LR 
Functional connectivity matrix for motor task	581450_tfMRI_MOTOR_LR 
Functional connectivity matrix for motor task	376247_tfMRI_MOTOR_LR 
Functional connectivity matrix for motor task	135225_tfMRI_MOTOR_LR 
Functional connectivity matrix for motor task	178950_tfMRI_MOTOR_LR 
Functional connectivity matrix for motor task	173738_tfMRI_MOTOR_LR 
Functional connectivity matrix for motor task	210617_tfMRI_MOTOR_LR 
Functional connectivity matrix for motor task	353740_tfMRI_MOTOR_LR 
Functional connectivity matrix for motor task	329440_tfMRI_MOTOR_LR 
Functional connectivity matrix for resting state	102008_rfMRI_REST1_LR 
Functional connectivity matrix for resting state	113922_rfMRI_REST1_LR 
Functional connectivity matrix for resting state	702133_rfMRI_REST1_LR 
Functional connectivity matrix for motor task	555348_tfMRI_MOTOR_LR 
Functional connectivity matrix for motor task	155635_tfMRI_MOTOR_LR 
Functional connectivity matrix for motor task	170631_tfMRI_MOTOR_LR 
Functional connectivity matrix for resting state	141422_rfMRI_REST1_LR 
Functional connectivity matrix for motor task	170934_tfMRI_MOTOR_LR 
Functional connectivity matrix for motor task	467351_tfMRI_MOTOR_LR 
Functional connectivity matrix for motor task	154734_tfMRI_MOTOR_LR 
Functional connectivity matrix for resting state	617748_rfMRI_REST1_LR 
Functional connectivity matrix for resting state	103515_rfMRI_REST1_LR 
Functional connectivity matrix for resting state	148032_rfMRI_REST1_LR 
Functional connectivity matrix for resting state	200917_rfMRI_REST1_LR 
Functional connectivity matrix for resting state	171330_rfMRI_REST1_LR 
Functional connectivity matrix for motor task	693764_tfMRI_MOTOR_LR 
Functional connectivity matrix for motor task	188347_tfMRI_MOTOR_LR 
Functional connectivity matrix for resting state	100307_rfMRI_REST1_LR 
Functional connectivity matrix for resting state	203923_rfMRI_REST1_LR 
Functional connectivity matrix for resting state	167743_rfMRI_REST1_LR 
Functional connectivity matrix for resting state	263436_rfMRI_REST1_LR 
Functional connectivity matrix for motor task	148840_tfMRI_MOTOR_LR 
Functional connectivity matrix for motor task	138231_tfMRI_MOTOR_LR 
Functional connectivity matrix for resting state	101410_rfMRI_REST1_LR 
Functional connectivity matrix for motor task	163331_tfMRI_MOTOR_LR 
Functional connectivity matrix for motor task	217126_tfMRI_MOTOR_LR 
Functional connectivity matrix for motor task	675661_tfMRI_MOTOR_LR 
Functional connectivity matrix for motor task	137633_tfMRI_MOTOR_LR 
Functional connectivity matrix for resting state	562446_rfMRI_REST1_LR 
Functional connectivity matrix for resting state	175035_rfMRI_REST1_LR 
Functional connectivity matrix for motor task	121618_tfMRI_MOTOR_LR 
Functional connectivity matrix for motor task	108121_tfMRI_MOTOR_LR 
Functional connectivity matrix for resting state	192641_rfMRI_REST1_LR 
Functional connectivity matrix for motor task	168745_tfMRI_MOTOR_LR 
Functional connectivity matrix for motor task	307127_tfMRI_MOTOR_LR 
Functional connectivity matrix for motor task	391748_tfMRI_MOTOR_LR 
Functional connectivity matrix for motor task	287248_tfMRI_MOTOR_LR 
Functional connectivity matrix for motor task	203923_tfMRI_MOTOR_LR 
Functional connectivity matrix for resting state	111211_rfMRI_REST1_LR 
Functional connectivity matrix for resting state	104820_rfMRI_REST1_LR 
Functional connectivity matrix for resting state	162329_rfMRI_REST1_LR 
Functional connectivity matrix for resting state	206222_rfMRI_REST1_LR 
Functional connectivity matrix for motor task	186848_tfMRI_MOTOR_LR 
Functional connectivity matrix for resting state	138130_rfMRI_REST1_LR 
Functional connectivity matrix for resting state	329844_rfMRI_REST1_LR 
Functional connectivity matrix for resting state	233326_rfMRI_REST1_LR 
Functional connectivity matrix for motor task	688569_tfMRI_MOTOR_LR 
Functional connectivity matrix for resting state	189652_rfMRI_REST1_LR 
Functional connectivity matrix for resting state	188145_rfMRI_REST1_LR 
Functional connectivity matrix for motor task	677766_tfMRI_MOTOR_LR 
Functional connectivity matrix for motor task	702133_tfMRI_MOTOR_LR 
Functional connectivity matrix for resting state	239136_rfMRI_REST1_LR 
Functional connectivity matrix for motor task	668361_tfMRI_MOTOR_LR 
Functional connectivity matrix for resting state	176542_rfMRI_REST1_LR 
Functional connectivity matrix for resting state	183741_rfMRI_REST1_LR 
Functional connectivity matrix for resting state	627549_rfMRI_REST1_LR 
Functional connectivity matrix for resting state	194645_rfMRI_REST1_LR 
Functional connectivity matrix for resting state	156233_rfMRI_REST1_LR 
Functional connectivity matrix for motor task	342129_tfMRI_MOTOR_LR 
Functional connectivity matrix for motor task	134829_tfMRI_MOTOR_LR 
Functional connectivity matrix for motor task	169343_tfMRI_MOTOR_LR 
Functional connectivity matrix for motor task	473952_tfMRI_MOTOR_LR 
Functional connectivity matrix for resting state	196952_rfMRI_REST1_LR 
Functional connectivity matrix for resting state	210617_rfMRI_REST1_LR 
Functional connectivity matrix for resting state	622236_rfMRI_REST1_LR 
Functional connectivity matrix for motor task	126325_tfMRI_MOTOR_LR 
Functional connectivity matrix for motor task	154431_tfMRI_MOTOR_LR 
Functional connectivity matrix for resting state	317332_rfMRI_REST1_LR 
Functional connectivity matrix for resting state	143830_rfMRI_REST1_LR 
Functional connectivity matrix for motor task	268850_tfMRI_MOTOR_LR 
Functional connectivity matrix for resting state	170934_rfMRI_REST1_LR 
Functional connectivity matrix for resting state	123925_rfMRI_REST1_LR 
Functional connectivity matrix for resting state	146432_rfMRI_REST1_LR 
Functional connectivity matrix for resting state	164939_rfMRI_REST1_LR 
Functional connectivity matrix for motor task	173334_tfMRI_MOTOR_LR 
Functional connectivity matrix for resting state	156031_rfMRI_REST1_LR 
Functional connectivity matrix for motor task	177645_tfMRI_MOTOR_LR 
Functional connectivity matrix for resting state	461743_rfMRI_REST1_LR 
Functional connectivity matrix for resting state	205826_rfMRI_REST1_LR 
Functional connectivity matrix for motor task	680250_tfMRI_MOTOR_LR 
Functional connectivity matrix for motor task	118528_tfMRI_MOTOR_LR 
Functional connectivity matrix for motor task	202820_tfMRI_MOTOR_LR 
Functional connectivity matrix for motor task	522434_tfMRI_MOTOR_LR 
Functional connectivity matrix for resting state	150928_rfMRI_REST1_LR 
Functional connectivity matrix for resting state	580751_rfMRI_REST1_LR 
Functional connectivity matrix for motor task	181232_tfMRI_MOTOR_LR 
Functional connectivity matrix for resting state	135730_rfMRI_REST1_LR 
Functional connectivity matrix for resting state	206828_rfMRI_REST1_LR 
Functional connectivity matrix for motor task	102109_tfMRI_MOTOR_LR 
Functional connectivity matrix for motor task	627852_tfMRI_MOTOR_LR 
Functional connectivity matrix for motor task	713239_tfMRI_MOTOR_LR 
Functional connectivity matrix for resting state	339847_rfMRI_REST1_LR 
Functional connectivity matrix for motor task	516742_tfMRI_MOTOR_LR 
Functional connectivity matrix for motor task	189652_tfMRI_MOTOR_LR 
Functional connectivity matrix for motor task	245333_tfMRI_MOTOR_LR 
Functional connectivity matrix for resting state	295146_rfMRI_REST1_LR 
Functional connectivity matrix for resting state	114823_rfMRI_REST1_LR 
Functional connectivity matrix for motor task	499566_tfMRI_MOTOR_LR 
Functional connectivity matrix for resting state	436845_rfMRI_REST1_LR 
Functional connectivity matrix for motor task	378857_tfMRI_MOTOR_LR 
Functional connectivity matrix for resting state	139233_rfMRI_REST1_LR 
Functional connectivity matrix for motor task	663755_tfMRI_MOTOR_LR 
Functional connectivity matrix for motor task	206727_tfMRI_MOTOR_LR 
Functional connectivity matrix for resting state	727654_rfMRI_REST1_LR 
Functional connectivity matrix for resting state	308129_rfMRI_REST1_LR 
Functional connectivity matrix for motor task	395756_tfMRI_MOTOR_LR 
Functional connectivity matrix for resting state	536647_rfMRI_REST1_LR 
Functional connectivity matrix for motor task	161832_tfMRI_MOTOR_LR 
Functional connectivity matrix for resting state	198855_rfMRI_REST1_LR 
Functional connectivity matrix for resting state	475855_rfMRI_REST1_LR 
Functional connectivity matrix for resting state	379657_rfMRI_REST1_LR 
Functional connectivity matrix for resting state	275645_rfMRI_REST1_LR 
Functional connectivity matrix for resting state	187143_rfMRI_REST1_LR 
Functional connectivity matrix for resting state	148840_rfMRI_REST1_LR 
Functional connectivity matrix for motor task	164030_tfMRI_MOTOR_LR 
Functional connectivity matrix for resting state	171532_rfMRI_REST1_LR 
Functional connectivity matrix for resting state	127226_rfMRI_REST1_LR 
Functional connectivity matrix for resting state	638049_rfMRI_REST1_LR 
Functional connectivity matrix for resting state	151728_rfMRI_REST1_LR 
Functional connectivity matrix for motor task	671855_tfMRI_MOTOR_LR 
Functional connectivity matrix for resting state	134324_rfMRI_REST1_LR 
Functional connectivity matrix for motor task	395251_tfMRI_MOTOR_LR 
Functional connectivity matrix for motor task	127630_tfMRI_MOTOR_LR 
Functional connectivity matrix for resting state	473952_rfMRI_REST1_LR 
Functional connectivity matrix for motor task	206323_tfMRI_MOTOR_LR 
Functional connectivity matrix for resting state	579867_rfMRI_REST1_LR 
Functional connectivity matrix for resting state	196346_rfMRI_REST1_LR 
Functional connectivity matrix for motor task	188448_tfMRI_MOTOR_LR 
Functional connectivity matrix for motor task	214423_tfMRI_MOTOR_LR 
Functional connectivity matrix for motor task	180836_tfMRI_MOTOR_LR 
Functional connectivity matrix for motor task	163129_tfMRI_MOTOR_LR 
Functional connectivity matrix for resting state	293748_rfMRI_REST1_LR 
Functional connectivity matrix for motor task	705341_tfMRI_MOTOR_LR 
Functional connectivity matrix for resting state	131823_rfMRI_REST1_LR 
Functional connectivity matrix for motor task	153934_tfMRI_MOTOR_LR 
Functional connectivity matrix for motor task	679568_tfMRI_MOTOR_LR 
Functional connectivity matrix for motor task	113619_tfMRI_MOTOR_LR 
Functional connectivity matrix for resting state	126426_rfMRI_REST1_LR 
Functional connectivity matrix for motor task	171734_tfMRI_MOTOR_LR 
Functional connectivity matrix for resting state	614439_rfMRI_REST1_LR 
Functional connectivity matrix for motor task	146735_tfMRI_MOTOR_LR 
Functional connectivity matrix for motor task	316835_tfMRI_MOTOR_LR 
Functional connectivity matrix for resting state	178849_rfMRI_REST1_LR 
Functional connectivity matrix for resting state	130316_rfMRI_REST1_LR 
Functional connectivity matrix for motor task	107725_tfMRI_MOTOR_LR 
Functional connectivity matrix for resting state	541943_rfMRI_REST1_LR 
Functional connectivity matrix for motor task	724446_tfMRI_MOTOR_LR 
Functional connectivity matrix for resting state	692964_rfMRI_REST1_LR 
Functional connectivity matrix for motor task	198653_tfMRI_MOTOR_LR 
Functional connectivity matrix for resting state	173940_rfMRI_REST1_LR 
Functional connectivity matrix for motor task	139637_tfMRI_MOTOR_LR 
Functional connectivity matrix for motor task	144428_tfMRI_MOTOR_LR 
Functional connectivity matrix for resting state	145834_rfMRI_REST1_LR 
Functional connectivity matrix for resting state	198653_rfMRI_REST1_LR 
Functional connectivity matrix for motor task	135730_tfMRI_MOTOR_LR 
Functional connectivity matrix for motor task	118932_tfMRI_MOTOR_LR 
Functional connectivity matrix for motor task	635245_tfMRI_MOTOR_LR 
Functional connectivity matrix for motor task	134324_tfMRI_MOTOR_LR 
Functional connectivity matrix for resting state	175136_rfMRI_REST1_LR 
Functional connectivity matrix for resting state	180533_rfMRI_REST1_LR 
Functional connectivity matrix for resting state	156637_rfMRI_REST1_LR 
Functional connectivity matrix for motor task	322224_tfMRI_MOTOR_LR 
Functional connectivity matrix for resting state	165032_rfMRI_REST1_LR 
Functional connectivity matrix for motor task	393247_tfMRI_MOTOR_LR 
Functional connectivity matrix for resting state	172029_rfMRI_REST1_LR 
Functional connectivity matrix for motor task	171330_tfMRI_MOTOR_LR 
Functional connectivity matrix for motor task	200210_tfMRI_MOTOR_LR 
Functional connectivity matrix for resting state	580650_rfMRI_REST1_LR 
Functional connectivity matrix for resting state	311320_rfMRI_REST1_LR 
Functional connectivity matrix for motor task	196851_tfMRI_MOTOR_LR 
Functional connectivity matrix for motor task	150524_tfMRI_MOTOR_LR 
Functional connectivity matrix for motor task	128632_tfMRI_MOTOR_LR 
Functional connectivity matrix for motor task	103212_tfMRI_MOTOR_LR 
Functional connectivity matrix for resting state	168745_rfMRI_REST1_LR 
Functional connectivity matrix for motor task	368753_tfMRI_MOTOR_LR 
Functional connectivity matrix for motor task	545345_tfMRI_MOTOR_LR 
Functional connectivity matrix for resting state	151223_rfMRI_REST1_LR 
Functional connectivity matrix for motor task	541640_tfMRI_MOTOR_LR 
Functional connectivity matrix for resting state	274542_rfMRI_REST1_LR 
Functional connectivity matrix for motor task	178849_tfMRI_MOTOR_LR 
Functional connectivity matrix for resting state	192035_rfMRI_REST1_LR 
Functional connectivity matrix for motor task	529953_tfMRI_MOTOR_LR 
Functional connectivity matrix for resting state	199150_rfMRI_REST1_LR 
Functional connectivity matrix for resting state	135528_rfMRI_REST1_LR 
Functional connectivity matrix for motor task	151223_tfMRI_MOTOR_LR 
Functional connectivity matrix for motor task	182739_tfMRI_MOTOR_LR 
Functional connectivity matrix for motor task	429040_tfMRI_MOTOR_LR 
Functional connectivity matrix for motor task	154229_tfMRI_MOTOR_LR 
Functional connectivity matrix for resting state	298455_rfMRI_REST1_LR 
Functional connectivity matrix for resting state	481042_rfMRI_REST1_LR 
Functional connectivity matrix for resting state	199453_rfMRI_REST1_LR 
Functional connectivity matrix for motor task	183034_tfMRI_MOTOR_LR 
Functional connectivity matrix for motor task	124826_tfMRI_MOTOR_LR 
Functional connectivity matrix for motor task	510326_tfMRI_MOTOR_LR 
Functional connectivity matrix for motor task	110007_tfMRI_MOTOR_LR 
Functional connectivity matrix for resting state	255740_rfMRI_REST1_LR 
Functional connectivity matrix for resting state	236130_rfMRI_REST1_LR 
Functional connectivity matrix for motor task	156536_tfMRI_MOTOR_LR 
Functional connectivity matrix for motor task	135528_tfMRI_MOTOR_LR 
Functional connectivity matrix for resting state	700634_rfMRI_REST1_LR 
Functional connectivity matrix for motor task	497865_tfMRI_MOTOR_LR 
Functional connectivity matrix for resting state	203418_rfMRI_REST1_LR 
Functional connectivity matrix for resting state	680452_rfMRI_REST1_LR 
Functional connectivity matrix for motor task	119025_tfMRI_MOTOR_LR 
Functional connectivity matrix for motor task	117122_tfMRI_MOTOR_LR 
Functional connectivity matrix for motor task	311320_tfMRI_MOTOR_LR 
Functional connectivity matrix for motor task	237334_tfMRI_MOTOR_LR 
Functional connectivity matrix for motor task	401422_tfMRI_MOTOR_LR 
Functional connectivity matrix for motor task	104012_tfMRI_MOTOR_LR 
Functional connectivity matrix for resting state	122418_rfMRI_REST1_LR 
Functional connectivity matrix for motor task	202719_tfMRI_MOTOR_LR 
Functional connectivity matrix for resting state	663755_rfMRI_REST1_LR 
Functional connectivity matrix for motor task	567052_tfMRI_MOTOR_LR 
Functional connectivity matrix for resting state	585862_rfMRI_REST1_LR 
Functional connectivity matrix for motor task	395958_tfMRI_MOTOR_LR 
Functional connectivity matrix for resting state	705341_rfMRI_REST1_LR 
Functional connectivity matrix for motor task	715041_tfMRI_MOTOR_LR 
Functional connectivity matrix for resting state	353740_rfMRI_REST1_LR 
Functional connectivity matrix for motor task	194746_tfMRI_MOTOR_LR 
Functional connectivity matrix for motor task	186141_tfMRI_MOTOR_LR 
Functional connectivity matrix for resting state	130720_rfMRI_REST1_LR 
Functional connectivity matrix for motor task	213017_tfMRI_MOTOR_LR 
Functional connectivity matrix for resting state	143224_rfMRI_REST1_LR 
Functional connectivity matrix for motor task	524135_tfMRI_MOTOR_LR 
Functional connectivity matrix for motor task	156031_tfMRI_MOTOR_LR 
Functional connectivity matrix for resting state	627852_rfMRI_REST1_LR 
Functional connectivity matrix for motor task	585862_tfMRI_MOTOR_LR 
Functional connectivity matrix for resting state	140824_rfMRI_REST1_LR 
Functional connectivity matrix for resting state	237334_rfMRI_REST1_LR 
Functional connectivity matrix for resting state	148335_rfMRI_REST1_LR 
Functional connectivity matrix for resting state	187345_rfMRI_REST1_LR 
Functional connectivity matrix for motor task	694362_tfMRI_MOTOR_LR 
Functional connectivity matrix for resting state	510326_rfMRI_REST1_LR 
Functional connectivity matrix for motor task	201414_tfMRI_MOTOR_LR 
Functional connectivity matrix for motor task	159441_tfMRI_MOTOR_LR 
Functional connectivity matrix for motor task	181131_tfMRI_MOTOR_LR 
Functional connectivity matrix for resting state	209834_rfMRI_REST1_LR 
Functional connectivity matrix for motor task	205826_tfMRI_MOTOR_LR 
Functional connectivity matrix for resting state	181636_rfMRI_REST1_LR 
Functional connectivity matrix for resting state	558657_rfMRI_REST1_LR 
Functional connectivity matrix for motor task	339847_tfMRI_MOTOR_LR 
Functional connectivity matrix for motor task	125222_tfMRI_MOTOR_LR 
Functional connectivity matrix for resting state	201515_rfMRI_REST1_LR 
Functional connectivity matrix for motor task	212015_tfMRI_MOTOR_LR 
Functional connectivity matrix for resting state	314225_rfMRI_REST1_LR 
Functional connectivity matrix for motor task	191235_tfMRI_MOTOR_LR 
Functional connectivity matrix for motor task	205725_tfMRI_MOTOR_LR 
Functional connectivity matrix for resting state	180937_rfMRI_REST1_LR 
Functional connectivity matrix for motor task	175742_tfMRI_MOTOR_LR 
Functional connectivity matrix for motor task	140925_tfMRI_MOTOR_LR 
Functional connectivity matrix for motor task	108323_tfMRI_MOTOR_LR 
Functional connectivity matrix for motor task	148133_tfMRI_MOTOR_LR 
Functional connectivity matrix for resting state	305830_rfMRI_REST1_LR 
Functional connectivity matrix for resting state	562345_rfMRI_REST1_LR 
Functional connectivity matrix for resting state	154532_rfMRI_REST1_LR 
Functional connectivity matrix for motor task	547046_tfMRI_MOTOR_LR 
Functional connectivity matrix for resting state	570243_rfMRI_REST1_LR 
Functional connectivity matrix for motor task	111312_tfMRI_MOTOR_LR 
Functional connectivity matrix for motor task	634748_tfMRI_MOTOR_LR 
Functional connectivity matrix for resting state	101915_rfMRI_REST1_LR 
Functional connectivity matrix for resting state	182032_rfMRI_REST1_LR 
Functional connectivity matrix for motor task	168947_tfMRI_MOTOR_LR 
Functional connectivity matrix for motor task	424939_tfMRI_MOTOR_LR 
Functional connectivity matrix for motor task	179245_tfMRI_MOTOR_LR 
Functional connectivity matrix for resting state	728454_rfMRI_REST1_LR 
Functional connectivity matrix for resting state	191841_rfMRI_REST1_LR 
Functional connectivity matrix for motor task	140117_tfMRI_MOTOR_LR 
Functional connectivity matrix for resting state	693764_rfMRI_REST1_LR 
Functional connectivity matrix for resting state	211619_rfMRI_REST1_LR 
Functional connectivity matrix for resting state	522434_rfMRI_REST1_LR 
Functional connectivity matrix for motor task	149842_tfMRI_MOTOR_LR 
Functional connectivity matrix for resting state	731140_rfMRI_REST1_LR 
Functional connectivity matrix for motor task	125525_tfMRI_MOTOR_LR 
Functional connectivity matrix for motor task	153227_tfMRI_MOTOR_LR 
Functional connectivity matrix for resting state	573451_rfMRI_REST1_LR 
Functional connectivity matrix for resting state	186848_rfMRI_REST1_LR 
Functional connectivity matrix for motor task	136833_tfMRI_MOTOR_LR 
Functional connectivity matrix for motor task	580751_tfMRI_MOTOR_LR 
Functional connectivity matrix for resting state	103212_rfMRI_REST1_LR 
Functional connectivity matrix for motor task	597869_tfMRI_MOTOR_LR 
Functional connectivity matrix for resting state	119732_rfMRI_REST1_LR 
Functional connectivity matrix for motor task	486759_tfMRI_MOTOR_LR 
Functional connectivity matrix for resting state	732243_rfMRI_REST1_LR 
Functional connectivity matrix for resting state	519950_rfMRI_REST1_LR 
Functional connectivity matrix for resting state	211922_rfMRI_REST1_LR 
Functional connectivity matrix for motor task	185846_tfMRI_MOTOR_LR 
Functional connectivity matrix for resting state	127327_rfMRI_REST1_LR 
Functional connectivity matrix for motor task	172635_tfMRI_MOTOR_LR 
Functional connectivity matrix for motor task	559457_tfMRI_MOTOR_LR 
Functional connectivity matrix for motor task	177241_tfMRI_MOTOR_LR 
Functional connectivity matrix for motor task	204521_tfMRI_MOTOR_LR 
Functional connectivity matrix for resting state	156334_rfMRI_REST1_LR 
Functional connectivity matrix for motor task	330324_tfMRI_MOTOR_LR 
Functional connectivity matrix for motor task	289555_tfMRI_MOTOR_LR 
Functional connectivity matrix for motor task	210415_tfMRI_MOTOR_LR 
Functional connectivity matrix for motor task	176239_tfMRI_MOTOR_LR 
Functional connectivity matrix for motor task	167440_tfMRI_MOTOR_LR 
Functional connectivity matrix for resting state	168341_rfMRI_REST1_LR 
Functional connectivity matrix for motor task	106824_tfMRI_MOTOR_LR 
Functional connectivity matrix for motor task	147636_tfMRI_MOTOR_LR 
Functional connectivity matrix for motor task	128026_tfMRI_MOTOR_LR 
Functional connectivity matrix for resting state	100408_rfMRI_REST1_LR 
Functional connectivity matrix for resting state	609143_rfMRI_REST1_LR 
Functional connectivity matrix for motor task	187547_tfMRI_MOTOR_LR 
Functional connectivity matrix for resting state	104012_rfMRI_REST1_LR 
Functional connectivity matrix for resting state	200513_rfMRI_REST1_LR 
Functional connectivity matrix for motor task	155231_tfMRI_MOTOR_LR 
Functional connectivity matrix for resting state	654754_rfMRI_REST1_LR 
Functional connectivity matrix for resting state	212015_rfMRI_REST1_LR 
Functional connectivity matrix for resting state	128632_rfMRI_REST1_LR 
Functional connectivity matrix for resting state	173334_rfMRI_REST1_LR 
Functional connectivity matrix for motor task	329844_tfMRI_MOTOR_LR 
Functional connectivity matrix for resting state	108121_rfMRI_REST1_LR 
Functional connectivity matrix for motor task	377451_tfMRI_MOTOR_LR 
Functional connectivity matrix for resting state	316633_rfMRI_REST1_LR 
Functional connectivity matrix for resting state	310621_rfMRI_REST1_LR 
Functional connectivity matrix for motor task	145834_tfMRI_MOTOR_LR 
Functional connectivity matrix for resting state	151526_rfMRI_REST1_LR 
Functional connectivity matrix for motor task	644044_tfMRI_MOTOR_LR 
Functional connectivity matrix for resting state	213421_rfMRI_REST1_LR 
Functional connectivity matrix for resting state	158540_rfMRI_REST1_LR 
Functional connectivity matrix for resting state	333330_rfMRI_REST1_LR 
Functional connectivity matrix for resting state	199352_rfMRI_REST1_LR 
Functional connectivity matrix for resting state	183337_rfMRI_REST1_LR 
Functional connectivity matrix for motor task	561242_tfMRI_MOTOR_LR 
Functional connectivity matrix for motor task	662551_tfMRI_MOTOR_LR 
Functional connectivity matrix for motor task	103111_tfMRI_MOTOR_LR 
Functional connectivity matrix for resting state	117122_rfMRI_REST1_LR 
Functional connectivity matrix for resting state	176037_rfMRI_REST1_LR 
Functional connectivity matrix for resting state	211821_rfMRI_REST1_LR 
Functional connectivity matrix for motor task	209329_tfMRI_MOTOR_LR 
Functional connectivity matrix for resting state	168139_rfMRI_REST1_LR 
Functional connectivity matrix for resting state	580044_rfMRI_REST1_LR 
Functional connectivity matrix for resting state	304020_rfMRI_REST1_LR 
Functional connectivity matrix for resting state	135932_rfMRI_REST1_LR 
Functional connectivity matrix for motor task	205119_tfMRI_MOTOR_LR 
Functional connectivity matrix for motor task	213421_tfMRI_MOTOR_LR 
Functional connectivity matrix for resting state	187547_rfMRI_REST1_LR 
Functional connectivity matrix for resting state	316835_rfMRI_REST1_LR 
Functional connectivity matrix for motor task	131419_tfMRI_MOTOR_LR 
Functional connectivity matrix for resting state	168947_rfMRI_REST1_LR 
Functional connectivity matrix for motor task	320826_tfMRI_MOTOR_LR 
Functional connectivity matrix for resting state	175338_rfMRI_REST1_LR 
Functional connectivity matrix for motor task	175237_tfMRI_MOTOR_LR 
Functional connectivity matrix for resting state	129634_rfMRI_REST1_LR 
Functional connectivity matrix for motor task	394956_tfMRI_MOTOR_LR 
Functional connectivity matrix for motor task	203418_tfMRI_MOTOR_LR 
Functional connectivity matrix for motor task	281135_tfMRI_MOTOR_LR 
Functional connectivity matrix for motor task	517239_tfMRI_MOTOR_LR 
Functional connectivity matrix for resting state	117324_rfMRI_REST1_LR 
Functional connectivity matrix for resting state	172635_rfMRI_REST1_LR 
Functional connectivity matrix for motor task	685058_tfMRI_MOTOR_LR 
Functional connectivity matrix for resting state	202820_rfMRI_REST1_LR 
Functional connectivity matrix for motor task	129634_tfMRI_MOTOR_LR 
Functional connectivity matrix for resting state	644044_rfMRI_REST1_LR 
Functional connectivity matrix for resting state	106824_rfMRI_REST1_LR 
Functional connectivity matrix for motor task	275645_tfMRI_MOTOR_LR 
Functional connectivity matrix for resting state	304727_rfMRI_REST1_LR 
Functional connectivity matrix for resting state	469961_rfMRI_REST1_LR 
Functional connectivity matrix for motor task	180937_tfMRI_MOTOR_LR 
Functional connectivity matrix for resting state	169343_rfMRI_REST1_LR 
Functional connectivity matrix for resting state	108020_rfMRI_REST1_LR 
Functional connectivity matrix for motor task	186545_tfMRI_MOTOR_LR 
Functional connectivity matrix for resting state	169444_rfMRI_REST1_LR 
Functional connectivity matrix for resting state	119025_rfMRI_REST1_LR 
Functional connectivity matrix for resting state	176239_rfMRI_REST1_LR 
Functional connectivity matrix for motor task	510225_tfMRI_MOTOR_LR 
Functional connectivity matrix for resting state	181232_rfMRI_REST1_LR 
Functional connectivity matrix for resting state	130114_rfMRI_REST1_LR 
Functional connectivity matrix for motor task	433839_tfMRI_MOTOR_LR 
Functional connectivity matrix for resting state	346137_rfMRI_REST1_LR 
Functional connectivity matrix for motor task	171532_tfMRI_MOTOR_LR 
Functional connectivity matrix for resting state	588565_rfMRI_REST1_LR 
Functional connectivity matrix for resting state	158136_rfMRI_REST1_LR 
Functional connectivity matrix for resting state	525541_rfMRI_REST1_LR 
Functional connectivity matrix for motor task	570243_tfMRI_MOTOR_LR 
Functional connectivity matrix for motor task	366042_tfMRI_MOTOR_LR 
Functional connectivity matrix for resting state	115724_rfMRI_REST1_LR 
Functional connectivity matrix for motor task	136732_tfMRI_MOTOR_LR 
Functional connectivity matrix for motor task	130720_tfMRI_MOTOR_LR 
Functional connectivity matrix for motor task	206222_tfMRI_MOTOR_LR 
Functional connectivity matrix for motor task	113922_tfMRI_MOTOR_LR 
Functional connectivity matrix for motor task	300719_tfMRI_MOTOR_LR 
Functional connectivity matrix for resting state	284646_rfMRI_REST1_LR 
Functional connectivity matrix for resting state	523032_rfMRI_REST1_LR 
Functional connectivity matrix for resting state	559457_rfMRI_REST1_LR 
Functional connectivity matrix for resting state	164131_rfMRI_REST1_LR 
Functional connectivity matrix for resting state	688569_rfMRI_REST1_LR 
Functional connectivity matrix for resting state	198350_rfMRI_REST1_LR 
Functional connectivity matrix for motor task	117930_tfMRI_MOTOR_LR 
Functional connectivity matrix for motor task	115825_tfMRI_MOTOR_LR 
Functional connectivity matrix for motor task	153126_tfMRI_MOTOR_LR 
Functional connectivity matrix for motor task	160123_tfMRI_MOTOR_LR 
Functional connectivity matrix for motor task	130619_tfMRI_MOTOR_LR 
Functional connectivity matrix for motor task	704238_tfMRI_MOTOR_LR 
Functional connectivity matrix for motor task	236130_tfMRI_MOTOR_LR 
Functional connectivity matrix for resting state	204622_rfMRI_REST1_LR 
Functional connectivity matrix for motor task	469961_tfMRI_MOTOR_LR 
Functional connectivity matrix for motor task	122317_tfMRI_MOTOR_LR 
Functional connectivity matrix for motor task	656657_tfMRI_MOTOR_LR 
Functional connectivity matrix for motor task	162026_tfMRI_MOTOR_LR 
Functional connectivity matrix for motor task	293748_tfMRI_MOTOR_LR 
Functional connectivity matrix for motor task	185038_tfMRI_MOTOR_LR 
Functional connectivity matrix for motor task	172130_tfMRI_MOTOR_LR 
Functional connectivity matrix for resting state	205725_rfMRI_REST1_LR 
Functional connectivity matrix for resting state	151930_rfMRI_REST1_LR 
Functional connectivity matrix for motor task	748662_tfMRI_MOTOR_LR 
Functional connectivity matrix for resting state	147030_rfMRI_REST1_LR 
Functional connectivity matrix for motor task	690152_tfMRI_MOTOR_LR 
Functional connectivity matrix for motor task	137027_tfMRI_MOTOR_LR 
Functional connectivity matrix for resting state	618952_rfMRI_REST1_LR 
Functional connectivity matrix for resting state	136732_rfMRI_REST1_LR 
Functional connectivity matrix for motor task	579867_tfMRI_MOTOR_LR 
Functional connectivity matrix for motor task	268749_tfMRI_MOTOR_LR 
Functional connectivity matrix for resting state	179245_rfMRI_REST1_LR 
Functional connectivity matrix for motor task	358144_tfMRI_MOTOR_LR 
Functional connectivity matrix for resting state	245333_rfMRI_REST1_LR 
Functional connectivity matrix for resting state	419239_rfMRI_REST1_LR 
Functional connectivity matrix for resting state	628248_rfMRI_REST1_LR 
Functional connectivity matrix for motor task	616645_tfMRI_MOTOR_LR 
Functional connectivity matrix for motor task	707749_tfMRI_MOTOR_LR 
Functional connectivity matrix for motor task	523032_tfMRI_MOTOR_LR 
Functional connectivity matrix for motor task	571144_tfMRI_MOTOR_LR 
Functional connectivity matrix for resting state	163331_rfMRI_REST1_LR 
Functional connectivity matrix for resting state	172534_rfMRI_REST1_LR 
Functional connectivity matrix for resting state	239944_rfMRI_REST1_LR 
Functional connectivity matrix for motor task	397154_tfMRI_MOTOR_LR 
Functional connectivity matrix for motor task	133928_tfMRI_MOTOR_LR 
Functional connectivity matrix for resting state	129028_rfMRI_REST1_LR 
Functional connectivity matrix for resting state	559053_rfMRI_REST1_LR 
Functional connectivity matrix for motor task	161731_tfMRI_MOTOR_LR 
Functional connectivity matrix for motor task	175136_tfMRI_MOTOR_LR 
Functional connectivity matrix for motor task	448347_tfMRI_MOTOR_LR 
Functional connectivity matrix for resting state	680250_rfMRI_REST1_LR 
Functional connectivity matrix for motor task	101309_tfMRI_MOTOR_LR 
Functional connectivity matrix for motor task	162329_tfMRI_MOTOR_LR 
Functional connectivity matrix for resting state	208024_rfMRI_REST1_LR 
Functional connectivity matrix for resting state	540436_rfMRI_REST1_LR 
Functional connectivity matrix for motor task	553344_tfMRI_MOTOR_LR 
Functional connectivity matrix for motor task	214019_tfMRI_MOTOR_LR 
Functional connectivity matrix for motor task	380036_tfMRI_MOTOR_LR 
Functional connectivity matrix for motor task	162228_tfMRI_MOTOR_LR 
Functional connectivity matrix for resting state	119126_rfMRI_REST1_LR 
Functional connectivity matrix for motor task	195445_tfMRI_MOTOR_LR 
Functional connectivity matrix for resting state	136227_rfMRI_REST1_LR 
Functional connectivity matrix for motor task	214726_tfMRI_MOTOR_LR 
Functional connectivity matrix for motor task	285446_tfMRI_MOTOR_LR 
Functional connectivity matrix for resting state	541640_rfMRI_REST1_LR 
Functional connectivity matrix for resting state	270332_rfMRI_REST1_LR 
Functional connectivity matrix for resting state	568963_rfMRI_REST1_LR 
Functional connectivity matrix for motor task	157942_tfMRI_MOTOR_LR 
Functional connectivity matrix for motor task	298455_tfMRI_MOTOR_LR 
Functional connectivity matrix for resting state	352132_rfMRI_REST1_LR 
Functional connectivity matrix for motor task	567961_tfMRI_MOTOR_LR 
Functional connectivity matrix for resting state	143426_rfMRI_REST1_LR 
Functional connectivity matrix for motor task	660951_tfMRI_MOTOR_LR 
Functional connectivity matrix for motor task	519950_tfMRI_MOTOR_LR 
Functional connectivity matrix for motor task	197550_tfMRI_MOTOR_LR 
Functional connectivity matrix for motor task	257946_tfMRI_MOTOR_LR 
Functional connectivity matrix for resting state	102513_rfMRI_REST1_LR 
Functional connectivity matrix for resting state	111009_rfMRI_REST1_LR 
Functional connectivity matrix for motor task	180230_tfMRI_MOTOR_LR 
Functional connectivity matrix for motor task	152225_tfMRI_MOTOR_LR 
Functional connectivity matrix for resting state	198451_rfMRI_REST1_LR 
Functional connectivity matrix for resting state	113215_rfMRI_REST1_LR 
Functional connectivity matrix for motor task	165436_tfMRI_MOTOR_LR 
Functional connectivity matrix for motor task	204420_tfMRI_MOTOR_LR 
Functional connectivity matrix for resting state	146331_rfMRI_REST1_LR 
Functional connectivity matrix for resting state	114217_rfMRI_REST1_LR 
Functional connectivity matrix for motor task	134223_tfMRI_MOTOR_LR 
Functional connectivity matrix for resting state	210415_rfMRI_REST1_LR 
Functional connectivity matrix for resting state	127630_rfMRI_REST1_LR 
Functional connectivity matrix for resting state	106016_rfMRI_REST1_LR 
Functional connectivity matrix for motor task	599671_tfMRI_MOTOR_LR 
Functional connectivity matrix for motor task	371843_tfMRI_MOTOR_LR 
Functional connectivity matrix for motor task	135629_tfMRI_MOTOR_LR 
Functional connectivity matrix for resting state	141119_rfMRI_REST1_LR 
Functional connectivity matrix for motor task	286650_tfMRI_MOTOR_LR 
Functional connectivity matrix for resting state	158338_rfMRI_REST1_LR 
Functional connectivity matrix for resting state	193239_rfMRI_REST1_LR 
Functional connectivity matrix for resting state	555954_rfMRI_REST1_LR 
Functional connectivity matrix for motor task	194443_tfMRI_MOTOR_LR 
Functional connectivity matrix for motor task	211417_tfMRI_MOTOR_LR 
Functional connectivity matrix for motor task	587664_tfMRI_MOTOR_LR 
Functional connectivity matrix for motor task	614439_tfMRI_MOTOR_LR 
Functional connectivity matrix for resting state	349244_rfMRI_REST1_LR 
Functional connectivity matrix for motor task	214221_tfMRI_MOTOR_LR 
Functional connectivity matrix for resting state	547046_rfMRI_REST1_LR 
Functional connectivity matrix for motor task	142828_tfMRI_MOTOR_LR 
Functional connectivity matrix for resting state	213017_rfMRI_REST1_LR 
Functional connectivity matrix for resting state	662551_rfMRI_REST1_LR 
Functional connectivity matrix for resting state	436239_rfMRI_REST1_LR 
Functional connectivity matrix for resting state	358144_rfMRI_REST1_LR 
Functional connectivity matrix for resting state	268749_rfMRI_REST1_LR 
Functional connectivity matrix for resting state	748662_rfMRI_REST1_LR 
Functional connectivity matrix for resting state	147737_rfMRI_REST1_LR 
Functional connectivity matrix for motor task	172332_tfMRI_MOTOR_LR 
Functional connectivity matrix for resting state	380036_rfMRI_REST1_LR 
Functional connectivity matrix for motor task	150726_tfMRI_MOTOR_LR 
Functional connectivity matrix for resting state	214221_rfMRI_REST1_LR 
Functional connectivity matrix for resting state	704238_rfMRI_REST1_LR 
Functional connectivity matrix for motor task	672756_tfMRI_MOTOR_LR 
Functional connectivity matrix for resting state	412528_rfMRI_REST1_LR 
Functional connectivity matrix for resting state	517239_rfMRI_REST1_LR 
Functional connectivity matrix for motor task	168240_tfMRI_MOTOR_LR 
Functional connectivity matrix for motor task	151829_tfMRI_MOTOR_LR 
Functional connectivity matrix for motor task	555651_tfMRI_MOTOR_LR 
Functional connectivity matrix for resting state	695768_rfMRI_REST1_LR 
Functional connectivity matrix for motor task	138130_tfMRI_MOTOR_LR 
Functional connectivity matrix for motor task	176845_tfMRI_MOTOR_LR 
Functional connectivity matrix for resting state	280739_rfMRI_REST1_LR 
Functional connectivity matrix for motor task	412528_tfMRI_MOTOR_LR 
Functional connectivity matrix for resting state	250427_rfMRI_REST1_LR 
Functional connectivity matrix for motor task	204218_tfMRI_MOTOR_LR 
Functional connectivity matrix for motor task	105216_tfMRI_MOTOR_LR 
Functional connectivity matrix for resting state	531536_rfMRI_REST1_LR 
Functional connectivity matrix for motor task	284646_tfMRI_MOTOR_LR 
Functional connectivity matrix for resting state	395756_rfMRI_REST1_LR 
Functional connectivity matrix for motor task	175439_tfMRI_MOTOR_LR 
Functional connectivity matrix for resting state	105216_rfMRI_REST1_LR 
Functional connectivity matrix for resting state	134223_rfMRI_REST1_LR 
Functional connectivity matrix for resting state	116524_rfMRI_REST1_LR 
Functional connectivity matrix for motor task	692964_tfMRI_MOTOR_LR 
Functional connectivity matrix for resting state	530635_rfMRI_REST1_LR 
Functional connectivity matrix for resting state	101006_rfMRI_REST1_LR 
Functional connectivity matrix for motor task	196952_tfMRI_MOTOR_LR 
Functional connectivity matrix for resting state	701535_rfMRI_REST1_LR 
Functional connectivity matrix for resting state	330324_rfMRI_REST1_LR 
Functional connectivity matrix for resting state	206525_rfMRI_REST1_LR 
Functional connectivity matrix for resting state	133928_rfMRI_REST1_LR 
Functional connectivity matrix for resting state	320826_rfMRI_REST1_LR 
Functional connectivity matrix for motor task	102816_tfMRI_MOTOR_LR 
Functional connectivity matrix for resting state	529549_rfMRI_REST1_LR 
Functional connectivity matrix for motor task	131217_tfMRI_MOTOR_LR 
Functional connectivity matrix for motor task	159946_tfMRI_MOTOR_LR 
Functional connectivity matrix for resting state	206323_rfMRI_REST1_LR 
Functional connectivity matrix for resting state	510225_rfMRI_REST1_LR 
Functional connectivity matrix for resting state	173738_rfMRI_REST1_LR 
Functional connectivity matrix for motor task	166438_tfMRI_MOTOR_LR 
Functional connectivity matrix for resting state	715647_rfMRI_REST1_LR 
Functional connectivity matrix for resting state	645551_rfMRI_REST1_LR 
Functional connectivity matrix for motor task	146836_tfMRI_MOTOR_LR 
Functional connectivity matrix for resting state	352738_rfMRI_REST1_LR 
Functional connectivity matrix for motor task	187850_tfMRI_MOTOR_LR 
Functional connectivity matrix for motor task	620434_tfMRI_MOTOR_LR 
Functional connectivity matrix for motor task	129937_tfMRI_MOTOR_LR 
Functional connectivity matrix for motor task	115219_tfMRI_MOTOR_LR 
Functional connectivity matrix for motor task	169040_tfMRI_MOTOR_LR 
Functional connectivity matrix for resting state	177746_rfMRI_REST1_LR 
Functional connectivity matrix for motor task	123420_tfMRI_MOTOR_LR 
Functional connectivity matrix for resting state	573249_rfMRI_REST1_LR 
Functional connectivity matrix for resting state	200210_rfMRI_REST1_LR 
Functional connectivity matrix for motor task	100610_tfMRI_MOTOR_LR 
Functional connectivity matrix for motor task	677968_tfMRI_MOTOR_LR 
Functional connectivity matrix for motor task	101410_tfMRI_MOTOR_LR 
Functional connectivity matrix for resting state	118124_rfMRI_REST1_LR 
Functional connectivity matrix for motor task	285345_tfMRI_MOTOR_LR 
Functional connectivity matrix for resting state	135225_rfMRI_REST1_LR 
Functional connectivity matrix for resting state	198249_rfMRI_REST1_LR 
Functional connectivity matrix for resting state	192843_rfMRI_REST1_LR 
Functional connectivity matrix for motor task	152427_tfMRI_MOTOR_LR 
Functional connectivity matrix for motor task	468050_tfMRI_MOTOR_LR 
Functional connectivity matrix for resting state	385450_rfMRI_REST1_LR 
Functional connectivity matrix for motor task	615744_tfMRI_MOTOR_LR 
Functional connectivity matrix for motor task	143426_tfMRI_MOTOR_LR 
Functional connectivity matrix for motor task	720337_tfMRI_MOTOR_LR 
Functional connectivity matrix for resting state	192136_rfMRI_REST1_LR 
Functional connectivity matrix for motor task	114924_tfMRI_MOTOR_LR 
Functional connectivity matrix for resting state	257946_rfMRI_REST1_LR 
Functional connectivity matrix for resting state	679770_rfMRI_REST1_LR 
Functional connectivity matrix for motor task	346137_tfMRI_MOTOR_LR 
Functional connectivity matrix for motor task	173435_tfMRI_MOTOR_LR 
Functional connectivity matrix for motor task	153631_tfMRI_MOTOR_LR 
Functional connectivity matrix for resting state	604537_rfMRI_REST1_LR 
Functional connectivity matrix for resting state	110007_rfMRI_REST1_LR 
Functional connectivity matrix for resting state	163836_rfMRI_REST1_LR 
Functional connectivity matrix for resting state	139637_rfMRI_REST1_LR 
Functional connectivity matrix for motor task	588565_tfMRI_MOTOR_LR 
Functional connectivity matrix for resting state	200109_rfMRI_REST1_LR 
Functional connectivity matrix for resting state	150726_rfMRI_REST1_LR 
Functional connectivity matrix for motor task	192843_tfMRI_MOTOR_LR 
Functional connectivity matrix for motor task	419239_tfMRI_MOTOR_LR 
Functional connectivity matrix for motor task	185341_tfMRI_MOTOR_LR 
Functional connectivity matrix for motor task	156637_tfMRI_MOTOR_LR 
Functional connectivity matrix for motor task	146129_tfMRI_MOTOR_LR 
Functional connectivity matrix for motor task	680452_tfMRI_MOTOR_LR 
Functional connectivity matrix for resting state	107725_rfMRI_REST1_LR 
Functional connectivity matrix for motor task	180735_tfMRI_MOTOR_LR 
Functional connectivity matrix for resting state	157942_rfMRI_REST1_LR 
Functional connectivity matrix for motor task	176037_tfMRI_MOTOR_LR 
Functional connectivity matrix for motor task	727654_tfMRI_MOTOR_LR 
Functional connectivity matrix for resting state	371843_rfMRI_REST1_LR 
Functional connectivity matrix for resting state	626648_rfMRI_REST1_LR 
Functional connectivity matrix for motor task	580650_tfMRI_MOTOR_LR 
Functional connectivity matrix for motor task	280739_tfMRI_MOTOR_LR 
Functional connectivity matrix for motor task	214524_tfMRI_MOTOR_LR 
Functional connectivity matrix for resting state	162026_rfMRI_REST1_LR 
Functional connectivity matrix for resting state	512835_rfMRI_REST1_LR 
Functional connectivity matrix for motor task	210112_tfMRI_MOTOR_LR 
Functional connectivity matrix for resting state	159441_rfMRI_REST1_LR 
Functional connectivity matrix for motor task	128935_tfMRI_MOTOR_LR 
Functional connectivity matrix for resting state	151425_rfMRI_REST1_LR 
Functional connectivity matrix for resting state	268850_rfMRI_REST1_LR 
Functional connectivity matrix for resting state	449753_rfMRI_REST1_LR 
Functional connectivity matrix for resting state	110411_rfMRI_REST1_LR 
Functional connectivity matrix for resting state	395958_rfMRI_REST1_LR 
Functional connectivity matrix for resting state	196750_rfMRI_REST1_LR 
Functional connectivity matrix for resting state	148133_rfMRI_REST1_LR 
Functional connectivity matrix for motor task	158843_tfMRI_MOTOR_LR 
Functional connectivity matrix for motor task	657659_tfMRI_MOTOR_LR 
Functional connectivity matrix for motor task	196750_tfMRI_MOTOR_LR 
Functional connectivity matrix for motor task	567759_tfMRI_MOTOR_LR 
Functional connectivity matrix for motor task	341834_tfMRI_MOTOR_LR 
Functional connectivity matrix for resting state	204521_rfMRI_REST1_LR 
Functional connectivity matrix for resting state	599671_rfMRI_REST1_LR 
Functional connectivity matrix for resting state	194443_rfMRI_REST1_LR 
Functional connectivity matrix for motor task	211821_tfMRI_MOTOR_LR 
Functional connectivity matrix for motor task	665254_tfMRI_MOTOR_LR 
Functional connectivity matrix for resting state	117930_rfMRI_REST1_LR 
Functional connectivity matrix for motor task	191033_tfMRI_MOTOR_LR 
Functional connectivity matrix for resting state	463040_rfMRI_REST1_LR 
Functional connectivity matrix for motor task	189349_tfMRI_MOTOR_LR 
Functional connectivity matrix for resting state	378857_rfMRI_REST1_LR 
Functional connectivity matrix for motor task	715950_tfMRI_MOTOR_LR 
Functional connectivity matrix for motor task	723141_tfMRI_MOTOR_LR 
Functional connectivity matrix for motor task	263436_tfMRI_MOTOR_LR 
Functional connectivity matrix for motor task	270332_tfMRI_MOTOR_LR 
Functional connectivity matrix for resting state	154330_rfMRI_REST1_LR 
Functional connectivity matrix for resting state	668361_rfMRI_REST1_LR 
Functional connectivity matrix for resting state	601127_rfMRI_REST1_LR 
Functional connectivity matrix for motor task	638049_tfMRI_MOTOR_LR 
Functional connectivity matrix for resting state	623844_rfMRI_REST1_LR 
Functional connectivity matrix for resting state	136631_rfMRI_REST1_LR 
Functional connectivity matrix for motor task	187143_tfMRI_MOTOR_LR 
Functional connectivity matrix for resting state	201111_rfMRI_REST1_LR 
Functional connectivity matrix for motor task	647858_tfMRI_MOTOR_LR 
Functional connectivity matrix for motor task	589567_tfMRI_MOTOR_LR 
Functional connectivity matrix for resting state	723141_rfMRI_REST1_LR 
Functional connectivity matrix for resting state	188347_rfMRI_REST1_LR 
Functional connectivity matrix for motor task	211720_tfMRI_MOTOR_LR 
Functional connectivity matrix for motor task	106521_tfMRI_MOTOR_LR 
Functional connectivity matrix for motor task	333330_tfMRI_MOTOR_LR 
Functional connectivity matrix for motor task	158338_tfMRI_MOTOR_LR 
Functional connectivity matrix for resting state	356948_rfMRI_REST1_LR 
Functional connectivity matrix for resting state	159946_rfMRI_REST1_LR 
Functional connectivity matrix for resting state	567759_rfMRI_REST1_LR 
Functional connectivity matrix for resting state	182739_rfMRI_REST1_LR 
Functional connectivity matrix for motor task	106319_tfMRI_MOTOR_LR 
Functional connectivity matrix for resting state	180230_rfMRI_REST1_LR 
Functional connectivity matrix for resting state	129331_rfMRI_REST1_LR 
Functional connectivity matrix for resting state	594156_rfMRI_REST1_LR 
Functional connectivity matrix for resting state	109830_rfMRI_REST1_LR 
Functional connectivity matrix for resting state	154431_rfMRI_REST1_LR 
Functional connectivity matrix for motor task	193845_tfMRI_MOTOR_LR 
Functional connectivity matrix for resting state	123420_rfMRI_REST1_LR 
Functional connectivity matrix for motor task	695768_tfMRI_MOTOR_LR 
Functional connectivity matrix for motor task	580044_tfMRI_MOTOR_LR 
Functional connectivity matrix for motor task	390645_tfMRI_MOTOR_LR 
Functional connectivity matrix for resting state	529953_rfMRI_REST1_LR 
Functional connectivity matrix for resting state	322224_rfMRI_REST1_LR 
Functional connectivity matrix for resting state	348545_rfMRI_REST1_LR 
Functional connectivity matrix for resting state	519647_rfMRI_REST1_LR 
Functional connectivity matrix for resting state	137128_rfMRI_REST1_LR 
Functional connectivity matrix for resting state	150524_rfMRI_REST1_LR 
Functional connectivity matrix for resting state	132017_rfMRI_REST1_LR 
Functional connectivity matrix for motor task	316633_tfMRI_MOTOR_LR 
Functional connectivity matrix for resting state	613538_rfMRI_REST1_LR 
Functional connectivity matrix for motor task	558960_tfMRI_MOTOR_LR 
Functional connectivity matrix for resting state	208327_rfMRI_REST1_LR 
Functional connectivity matrix for resting state	115320_rfMRI_REST1_LR 
Functional connectivity matrix for motor task	175338_tfMRI_MOTOR_LR 
Functional connectivity matrix for resting state	105115_rfMRI_REST1_LR 
Functional connectivity matrix for motor task	158136_tfMRI_MOTOR_LR 
Functional connectivity matrix for resting state	299154_rfMRI_REST1_LR 
Functional connectivity matrix for motor task	485757_tfMRI_MOTOR_LR 
Functional connectivity matrix for motor task	155938_tfMRI_MOTOR_LR 
Functional connectivity matrix for resting state	172332_rfMRI_REST1_LR 
Functional connectivity matrix for motor task	199958_tfMRI_MOTOR_LR 
Functional connectivity matrix for resting state	131419_rfMRI_REST1_LR 
Functional connectivity matrix for resting state	165436_rfMRI_REST1_LR 
Functional connectivity matrix for resting state	115017_rfMRI_REST1_LR 
Functional connectivity matrix for resting state	361941_rfMRI_REST1_LR 
Functional connectivity matrix for motor task	173839_tfMRI_MOTOR_LR 
Functional connectivity matrix for motor task	209834_tfMRI_MOTOR_LR 
Functional connectivity matrix for resting state	204420_rfMRI_REST1_LR 
Functional connectivity matrix for motor task	623844_tfMRI_MOTOR_LR 
Functional connectivity matrix for resting state	727553_rfMRI_REST1_LR 
Functional connectivity matrix for motor task	102513_tfMRI_MOTOR_LR 
Functional connectivity matrix for resting state	185341_rfMRI_REST1_LR 
Functional connectivity matrix for resting state	486759_rfMRI_REST1_LR 
Functional connectivity matrix for motor task	349244_tfMRI_MOTOR_LR 
Functional connectivity matrix for motor task	129331_tfMRI_MOTOR_LR 
Functional connectivity matrix for resting state	391748_rfMRI_REST1_LR 
Functional connectivity matrix for motor task	725751_tfMRI_MOTOR_LR 
Functional connectivity matrix for motor task	731140_tfMRI_MOTOR_LR 
Functional connectivity matrix for resting state	126325_rfMRI_REST1_LR 
Functional connectivity matrix for motor task	192136_tfMRI_MOTOR_LR 
Functional connectivity matrix for resting state	211720_rfMRI_REST1_LR 
Functional connectivity matrix for resting state	111312_rfMRI_REST1_LR 
Functional connectivity matrix for motor task	198855_tfMRI_MOTOR_LR 
Functional connectivity matrix for motor task	199453_tfMRI_MOTOR_LR 
Functional connectivity matrix for resting state	377451_rfMRI_REST1_LR 
Functional connectivity matrix for resting state	100610_rfMRI_REST1_LR 
Functional connectivity matrix for motor task	573451_tfMRI_MOTOR_LR 
Functional connectivity matrix for resting state	153227_rfMRI_REST1_LR 
Functional connectivity matrix for resting state	401422_rfMRI_REST1_LR 
Functional connectivity matrix for resting state	680957_rfMRI_REST1_LR 
Functional connectivity matrix for resting state	665254_rfMRI_REST1_LR 
Functional connectivity matrix for motor task	188145_tfMRI_MOTOR_LR 
Functional connectivity matrix for resting state	671855_rfMRI_REST1_LR 
Functional connectivity matrix for resting state	214019_rfMRI_REST1_LR 
Functional connectivity matrix for resting state	675661_rfMRI_REST1_LR 
Functional connectivity matrix for resting state	151627_rfMRI_REST1_LR 
Functional connectivity matrix for resting state	644246_rfMRI_REST1_LR 
Functional connectivity matrix for motor task	154330_tfMRI_MOTOR_LR 
Functional connectivity matrix for motor task	111514_tfMRI_MOTOR_LR 
Functional connectivity matrix for motor task	191841_tfMRI_MOTOR_LR 
Functional connectivity matrix for resting state	106319_rfMRI_REST1_LR 
Functional connectivity matrix for resting state	195849_rfMRI_REST1_LR 
Functional connectivity matrix for resting state	125525_rfMRI_REST1_LR 
Functional connectivity matrix for resting state	196851_rfMRI_REST1_LR 
Functional connectivity matrix for motor task	604537_tfMRI_MOTOR_LR 
Functional connectivity matrix for resting state	394956_rfMRI_REST1_LR 
Functional connectivity matrix for motor task	192035_tfMRI_MOTOR_LR 
Functional connectivity matrix for motor task	104416_tfMRI_MOTOR_LR 
Functional connectivity matrix for motor task	552241_tfMRI_MOTOR_LR 
Functional connectivity matrix for resting state	572045_rfMRI_REST1_LR 
Functional connectivity matrix for resting state	211417_rfMRI_REST1_LR 
Functional connectivity matrix for motor task	147030_tfMRI_MOTOR_LR 
Functional connectivity matrix for motor task	169545_tfMRI_MOTOR_LR 
Functional connectivity matrix for resting state	209935_rfMRI_REST1_LR 
Functional connectivity matrix for motor task	102311_tfMRI_MOTOR_LR 
Functional connectivity matrix for resting state	125424_rfMRI_REST1_LR 
Functional connectivity matrix for motor task	385450_tfMRI_MOTOR_LR 
Functional connectivity matrix for motor task	103515_tfMRI_MOTOR_LR 
Functional connectivity matrix for motor task	566454_tfMRI_MOTOR_LR 
Functional connectivity matrix for resting state	149337_rfMRI_REST1_LR 
Functional connectivity matrix for motor task	615441_tfMRI_MOTOR_LR 
Functional connectivity matrix for motor task	156334_tfMRI_MOTOR_LR 
Functional connectivity matrix for resting state	204319_rfMRI_REST1_LR 
Functional connectivity matrix for resting state	102311_rfMRI_REST1_LR 
Functional connectivity matrix for motor task	209935_tfMRI_MOTOR_LR 
Functional connectivity matrix for motor task	141422_tfMRI_MOTOR_LR 
Functional connectivity matrix for resting state	124624_rfMRI_REST1_LR 
Functional connectivity matrix for motor task	700634_tfMRI_MOTOR_LR 
Functional connectivity matrix for resting state	110613_rfMRI_REST1_LR 
Functional connectivity matrix for motor task	274542_tfMRI_MOTOR_LR 
Functional connectivity matrix for motor task	195849_tfMRI_MOTOR_LR 
Functional connectivity matrix for resting state	175439_rfMRI_REST1_LR 
Functional connectivity matrix for motor task	568963_tfMRI_MOTOR_LR 
Functional connectivity matrix for motor task	208327_tfMRI_MOTOR_LR 
Functional connectivity matrix for resting state	192237_rfMRI_REST1_LR 
Functional connectivity matrix for resting state	163129_rfMRI_REST1_LR 
Functional connectivity matrix for resting state	635245_rfMRI_REST1_LR 
Functional connectivity matrix for resting state	209329_rfMRI_REST1_LR 
Functional connectivity matrix for motor task	453441_tfMRI_MOTOR_LR 
Functional connectivity matrix for motor task	168341_tfMRI_MOTOR_LR 
Functional connectivity matrix for resting state	485757_rfMRI_REST1_LR 
Functional connectivity matrix for resting state	300719_rfMRI_REST1_LR 
Functional connectivity matrix for resting state	194140_rfMRI_REST1_LR 
Functional connectivity matrix for resting state	136126_rfMRI_REST1_LR 
Functional connectivity matrix for motor task	378756_tfMRI_MOTOR_LR 
Functional connectivity matrix for resting state	197348_rfMRI_REST1_LR 
Functional connectivity matrix for resting state	186545_rfMRI_REST1_LR 
Functional connectivity matrix for resting state	309636_rfMRI_REST1_LR 
Functional connectivity matrix for motor task	231928_tfMRI_MOTOR_LR 
Functional connectivity matrix for motor task	618952_tfMRI_MOTOR_LR 
Functional connectivity matrix for resting state	162228_rfMRI_REST1_LR 
Functional connectivity matrix for resting state	172130_rfMRI_REST1_LR 
Functional connectivity matrix for motor task	148032_tfMRI_MOTOR_LR 
Functional connectivity matrix for resting state	106521_rfMRI_REST1_LR 
Functional connectivity matrix for motor task	136126_tfMRI_MOTOR_LR 
Functional connectivity matrix for resting state	214423_rfMRI_REST1_LR 
Functional connectivity matrix for motor task	555954_tfMRI_MOTOR_LR 
Functional connectivity matrix for resting state	395251_rfMRI_REST1_LR 
Functional connectivity matrix for resting state	181131_rfMRI_REST1_LR 
Functional connectivity matrix for motor task	461743_tfMRI_MOTOR_LR 
Functional connectivity matrix for resting state	176441_rfMRI_REST1_LR 
Functional connectivity matrix for resting state	297655_rfMRI_REST1_LR 
Functional connectivity matrix for motor task	198350_tfMRI_MOTOR_LR 
Functional connectivity matrix for motor task	197348_tfMRI_MOTOR_LR 
Functional connectivity matrix for motor task	715647_tfMRI_MOTOR_LR 
Functional connectivity matrix for motor task	148335_tfMRI_MOTOR_LR 
Functional connectivity matrix for motor task	136227_tfMRI_MOTOR_LR 
Functional connectivity matrix for motor task	137229_tfMRI_MOTOR_LR 
Functional connectivity matrix for resting state	121921_rfMRI_REST1_LR 
Functional connectivity matrix for motor task	130821_tfMRI_MOTOR_LR 
Functional connectivity matrix for motor task	250427_tfMRI_MOTOR_LR 
Functional connectivity matrix for resting state	677968_rfMRI_REST1_LR 
Functional connectivity matrix for resting state	112112_rfMRI_REST1_LR 
Functional connectivity matrix for motor task	129028_tfMRI_MOTOR_LR 
Functional connectivity matrix for resting state	141826_rfMRI_REST1_LR 
Functional connectivity matrix for resting state	177241_rfMRI_REST1_LR 
Functional connectivity matrix for resting state	424939_rfMRI_REST1_LR 
Functional connectivity matrix for resting state	197550_rfMRI_REST1_LR 
Functional connectivity matrix for resting state	139839_rfMRI_REST1_LR 
Functional connectivity matrix for motor task	193239_tfMRI_MOTOR_LR 
Functional connectivity matrix for resting state	153833_rfMRI_REST1_LR 
Functional connectivity matrix for motor task	114217_tfMRI_MOTOR_LR 
Functional connectivity matrix for resting state	120515_rfMRI_REST1_LR 
Functional connectivity matrix for motor task	182436_tfMRI_MOTOR_LR 
Functional connectivity matrix for motor task	122822_tfMRI_MOTOR_LR 
Functional connectivity matrix for motor task	143830_tfMRI_MOTOR_LR 
Functional connectivity matrix for resting state	524135_rfMRI_REST1_LR 
Functional connectivity matrix for resting state	108525_rfMRI_REST1_LR 
Functional connectivity matrix for resting state	679568_rfMRI_REST1_LR 
Functional connectivity matrix for resting state	172433_rfMRI_REST1_LR 
Functional connectivity matrix for motor task	135932_tfMRI_MOTOR_LR 
Functional connectivity matrix for motor task	202113_tfMRI_MOTOR_LR 
Functional connectivity matrix for motor task	365343_tfMRI_MOTOR_LR 
Functional connectivity matrix for resting state	615744_rfMRI_REST1_LR 
Functional connectivity matrix for motor task	500222_tfMRI_MOTOR_LR 
Functional connectivity matrix for motor task	180533_tfMRI_MOTOR_LR 
Functional connectivity matrix for motor task	151425_tfMRI_MOTOR_LR 
Functional connectivity matrix for motor task	111009_tfMRI_MOTOR_LR 
Functional connectivity matrix for resting state	201414_rfMRI_REST1_LR 
Functional connectivity matrix for motor task	108525_tfMRI_MOTOR_LR 
Functional connectivity matrix for resting state	656657_rfMRI_REST1_LR 
Functional connectivity matrix for motor task	164131_tfMRI_MOTOR_LR 
Functional connectivity matrix for motor task	136631_tfMRI_MOTOR_LR 
Functional connectivity matrix for resting state	186141_rfMRI_REST1_LR 
Functional connectivity matrix for resting state	308331_rfMRI_REST1_LR 
Functional connectivity matrix for motor task	151627_tfMRI_MOTOR_LR 
Functional connectivity matrix for resting state	125222_rfMRI_REST1_LR 
Functional connectivity matrix for resting state	153631_rfMRI_REST1_LR 
Functional connectivity matrix for motor task	250932_tfMRI_MOTOR_LR 
Functional connectivity matrix for motor task	182032_tfMRI_MOTOR_LR 
Functional connectivity matrix for motor task	176542_tfMRI_MOTOR_LR 
Functional connectivity matrix for motor task	548250_tfMRI_MOTOR_LR 
Functional connectivity matrix for motor task	295146_tfMRI_MOTOR_LR 
Functional connectivity matrix for resting state	202113_rfMRI_REST1_LR 
Functional connectivity matrix for motor task	205220_tfMRI_MOTOR_LR 
Functional connectivity matrix for motor task	151930_tfMRI_MOTOR_LR 
Functional connectivity matrix for resting state	289555_rfMRI_REST1_LR 
Functional connectivity matrix for resting state	116221_rfMRI_REST1_LR 
Functional connectivity matrix for resting state	566454_rfMRI_REST1_LR 
Functional connectivity matrix for motor task	183741_tfMRI_MOTOR_LR 
Functional connectivity matrix for resting state	694362_rfMRI_REST1_LR 
Functional connectivity matrix for resting state	553344_rfMRI_REST1_LR 
Functional connectivity matrix for motor task	239136_tfMRI_MOTOR_LR 
Functional connectivity matrix for resting state	140925_rfMRI_REST1_LR 
Functional connectivity matrix for motor task	146937_tfMRI_MOTOR_LR 
Functional connectivity matrix for motor task	573249_tfMRI_MOTOR_LR 
Functional connectivity matrix for resting state	393550_rfMRI_REST1_LR 
Functional connectivity matrix for resting state	205220_rfMRI_REST1_LR 
Functional connectivity matrix for resting state	164030_rfMRI_REST1_LR 
Functional connectivity matrix for motor task	206525_tfMRI_MOTOR_LR 
Functional connectivity matrix for resting state	103010_rfMRI_REST1_LR 
Functional connectivity matrix for resting state	725751_rfMRI_REST1_LR 
Functional connectivity matrix for motor task	163432_tfMRI_MOTOR_LR 
Functional connectivity matrix for resting state	160123_rfMRI_REST1_LR 
Functional connectivity matrix for motor task	111211_tfMRI_MOTOR_LR 
Functional connectivity matrix for motor task	299154_tfMRI_MOTOR_LR 
Functional connectivity matrix for motor task	144731_tfMRI_MOTOR_LR 
Functional connectivity matrix for motor task	208125_tfMRI_MOTOR_LR 
Functional connectivity matrix for resting state	213522_rfMRI_REST1_LR 
Functional connectivity matrix for motor task	208024_tfMRI_MOTOR_LR 
Functional connectivity matrix for motor task	115320_tfMRI_MOTOR_LR 
Functional connectivity matrix for motor task	109830_tfMRI_MOTOR_LR 
Functional connectivity matrix for motor task	196346_tfMRI_MOTOR_LR 
Functional connectivity matrix for resting state	178748_rfMRI_REST1_LR 
Functional connectivity matrix for motor task	164939_tfMRI_MOTOR_LR 
Functional connectivity matrix for resting state	599065_rfMRI_REST1_LR 
Functional connectivity matrix for resting state	707749_rfMRI_REST1_LR 
Functional connectivity matrix for motor task	536647_tfMRI_MOTOR_LR 
Functional connectivity matrix for resting state	202719_rfMRI_REST1_LR 
Functional connectivity matrix for resting state	135124_rfMRI_REST1_LR 
Functional connectivity matrix for resting state	152427_rfMRI_REST1_LR 
Functional connectivity matrix for resting state	165638_rfMRI_REST1_LR 
Functional connectivity matrix for motor task	137128_tfMRI_MOTOR_LR 
Functional connectivity matrix for motor task	379657_tfMRI_MOTOR_LR 
Functional connectivity matrix for resting state	189349_rfMRI_REST1_LR 
Functional connectivity matrix for motor task	149337_tfMRI_MOTOR_LR 
Functional connectivity matrix for resting state	124826_rfMRI_REST1_LR 
Functional connectivity matrix for resting state	171734_rfMRI_REST1_LR 
Functional connectivity matrix for motor task	138837_tfMRI_MOTOR_LR 
Functional connectivity matrix for resting state	217126_rfMRI_REST1_LR 
Functional connectivity matrix for motor task	150928_tfMRI_MOTOR_LR 
Functional connectivity matrix for resting state	737960_rfMRI_REST1_LR 
Functional connectivity matrix for resting state	131924_rfMRI_REST1_LR 
Functional connectivity matrix for motor task	627549_tfMRI_MOTOR_LR 
Functional connectivity matrix for motor task	204319_tfMRI_MOTOR_LR 
Functional connectivity matrix for resting state	104416_rfMRI_REST1_LR 
Functional connectivity matrix for resting state	126628_rfMRI_REST1_LR 
Functional connectivity matrix for motor task	436239_tfMRI_MOTOR_LR 
Functional connectivity matrix for motor task	149539_tfMRI_MOTOR_LR 
Functional connectivity matrix for motor task	199150_tfMRI_MOTOR_LR 
Functional connectivity matrix for motor task	172938_tfMRI_MOTOR_LR 
Functional connectivity matrix for motor task	732243_tfMRI_MOTOR_LR 
Functional connectivity matrix for resting state	355239_rfMRI_REST1_LR 
Functional connectivity matrix for resting state	341834_rfMRI_REST1_LR 
Functional connectivity matrix for resting state	123521_rfMRI_REST1_LR 
Functional connectivity matrix for motor task	158540_tfMRI_MOTOR_LR 
Functional connectivity matrix for resting state	151829_rfMRI_REST1_LR 
Functional connectivity matrix for motor task	154532_tfMRI_MOTOR_LR 
Functional connectivity matrix for resting state	249947_rfMRI_REST1_LR 
Functional connectivity matrix for resting state	429040_rfMRI_REST1_LR 
Functional connectivity matrix for motor task	118124_tfMRI_MOTOR_LR 
Functional connectivity matrix for resting state	467351_rfMRI_REST1_LR 
Functional connectivity matrix for motor task	406836_tfMRI_MOTOR_LR 
Functional connectivity matrix for resting state	176845_rfMRI_REST1_LR 
Functional connectivity matrix for resting state	177645_rfMRI_REST1_LR 
Functional connectivity matrix for resting state	122317_rfMRI_REST1_LR 
Functional connectivity matrix for resting state	647858_rfMRI_REST1_LR 
Functional connectivity matrix for motor task	115724_tfMRI_MOTOR_LR 
Functional connectivity matrix for resting state	178243_rfMRI_REST1_LR 
Functional connectivity matrix for motor task	599065_tfMRI_MOTOR_LR 
Functional connectivity matrix for resting state	122822_rfMRI_REST1_LR 
Functional connectivity matrix for resting state	744553_rfMRI_REST1_LR 
Functional connectivity matrix for resting state	281135_rfMRI_REST1_LR 
Functional connectivity matrix for motor task	151021_tfMRI_MOTOR_LR 
Functional connectivity matrix for resting state	555651_rfMRI_REST1_LR 
Functional connectivity matrix for resting state	144428_rfMRI_REST1_LR 
Functional connectivity matrix for motor task	101006_tfMRI_MOTOR_LR 
Functional connectivity matrix for motor task	138332_tfMRI_MOTOR_LR 
Functional connectivity matrix for motor task	100408_tfMRI_MOTOR_LR 
Functional connectivity matrix for motor task	163836_tfMRI_MOTOR_LR 
Functional connectivity matrix for resting state	587664_rfMRI_REST1_LR 
Functional connectivity matrix for motor task	103010_tfMRI_MOTOR_LR 
Functional connectivity matrix for motor task	135124_tfMRI_MOTOR_LR 
Functional connectivity matrix for resting state	155635_rfMRI_REST1_LR 
Functional connectivity matrix for resting state	170631_rfMRI_REST1_LR 
Functional connectivity matrix for motor task	192237_tfMRI_MOTOR_LR 
Functional connectivity matrix for motor task	126426_tfMRI_MOTOR_LR 
Functional connectivity matrix for resting state	114419_rfMRI_REST1_LR 
Functional connectivity matrix for resting state	121618_rfMRI_REST1_LR 
Functional connectivity matrix for resting state	567052_rfMRI_REST1_LR 
Functional connectivity matrix for motor task	393550_tfMRI_MOTOR_LR 
Functional connectivity matrix for resting state	552241_rfMRI_REST1_LR 
Functional connectivity matrix for motor task	297655_tfMRI_MOTOR_LR 
Functional connectivity matrix for resting state	204218_rfMRI_REST1_LR 
Functional connectivity matrix for resting state	214524_rfMRI_REST1_LR 
Functional connectivity matrix for motor task	211619_tfMRI_MOTOR_LR 
Functional connectivity matrix for resting state	130013_rfMRI_REST1_LR 
Functional connectivity matrix for motor task	397861_tfMRI_MOTOR_LR 
Functional connectivity matrix for resting state	361234_rfMRI_REST1_LR 
Functional connectivity matrix for resting state	122620_rfMRI_REST1_LR 
Functional connectivity matrix for motor task	224022_tfMRI_MOTOR_LR 
Functional connectivity matrix for resting state	672756_rfMRI_REST1_LR 
Functional connectivity matrix for resting state	516742_rfMRI_REST1_LR 
Functional connectivity matrix for motor task	686969_tfMRI_MOTOR_LR 
Functional connectivity matrix for resting state	146937_rfMRI_REST1_LR 
Functional connectivity matrix for resting state	453441_rfMRI_REST1_LR 
Functional connectivity matrix for motor task	348545_tfMRI_MOTOR_LR 
Functional connectivity matrix for motor task	519647_tfMRI_MOTOR_LR 
Functional connectivity matrix for resting state	131217_rfMRI_REST1_LR 
Functional connectivity matrix for resting state	118831_rfMRI_REST1_LR 
Functional connectivity matrix for motor task	165638_tfMRI_MOTOR_LR 
Functional connectivity matrix for resting state	115219_rfMRI_REST1_LR 
Functional connectivity matrix for resting state	231928_rfMRI_REST1_LR 
Functional connectivity matrix for resting state	686969_rfMRI_REST1_LR 
Functional connectivity matrix for motor task	147737_tfMRI_MOTOR_LR 
Functional connectivity matrix for motor task	112112_tfMRI_MOTOR_LR 
Functional connectivity matrix for motor task	317332_tfMRI_MOTOR_LR 
Functional connectivity matrix for motor task	309636_tfMRI_MOTOR_LR 
Functional connectivity matrix for motor task	387959_tfMRI_MOTOR_LR 
Functional connectivity matrix for motor task	664757_tfMRI_MOTOR_LR 
Functional connectivity matrix for motor task	116221_tfMRI_MOTOR_LR 
Functional connectivity matrix for resting state	390645_rfMRI_REST1_LR 
Functional connectivity matrix for motor task	744553_tfMRI_MOTOR_LR 
Functional connectivity matrix for motor task	141826_tfMRI_MOTOR_LR 
Functional connectivity matrix for resting state	387959_rfMRI_REST1_LR 
Functional connectivity matrix for resting state	709551_rfMRI_REST1_LR 
Functional connectivity matrix for motor task	529549_tfMRI_MOTOR_LR 
Functional connectivity matrix for motor task	540436_tfMRI_MOTOR_LR 
Functional connectivity matrix for motor task	728454_tfMRI_MOTOR_LR 
Functional connectivity matrix for resting state	199251_rfMRI_REST1_LR 
Functional connectivity matrix for resting state	715041_rfMRI_REST1_LR 
Functional connectivity matrix for resting state	634748_rfMRI_REST1_LR 
Functional connectivity matrix for motor task	194140_tfMRI_MOTOR_LR 
Functional connectivity matrix for resting state	195445_rfMRI_REST1_LR 
Functional connectivity matrix for resting state	616645_rfMRI_REST1_LR 
Functional connectivity matrix for resting state	558960_rfMRI_REST1_LR 
Functional connectivity matrix for motor task	352132_tfMRI_MOTOR_LR 
Functional connectivity matrix for resting state	194746_rfMRI_REST1_LR 
Functional connectivity matrix for motor task	114823_tfMRI_MOTOR_LR 
Functional connectivity matrix for motor task	131924_tfMRI_MOTOR_LR 
Functional connectivity matrix for motor task	167743_tfMRI_MOTOR_LR 
Functional connectivity matrix for motor task	112314_tfMRI_MOTOR_LR 
Functional connectivity matrix for motor task	585256_tfMRI_MOTOR_LR 
Functional connectivity matrix for resting state	191033_rfMRI_REST1_LR 
Functional connectivity matrix for resting state	376247_rfMRI_REST1_LR 
Functional connectivity matrix for resting state	137229_rfMRI_REST1_LR 
Functional connectivity matrix for motor task	361234_tfMRI_MOTOR_LR 
Functional connectivity matrix for resting state	208125_rfMRI_REST1_LR 
Functional connectivity matrix for motor task	146331_tfMRI_MOTOR_LR 
Functional connectivity matrix for resting state	153126_rfMRI_REST1_LR 
Functional connectivity matrix for resting state	298051_rfMRI_REST1_LR 
Functional connectivity matrix for motor task	206828_tfMRI_MOTOR_LR 
Functional connectivity matrix for resting state	101309_rfMRI_REST1_LR 
Functional connectivity matrix for resting state	677766_rfMRI_REST1_LR 
Functional connectivity matrix for motor task	397760_tfMRI_MOTOR_LR 
Functional connectivity matrix for resting state	163432_rfMRI_REST1_LR 
Functional connectivity matrix for resting state	167440_rfMRI_REST1_LR 
Functional connectivity matrix for resting state	102614_rfMRI_REST1_LR 
Functional connectivity matrix for resting state	545345_rfMRI_REST1_LR 
Functional connectivity matrix for motor task	531536_tfMRI_MOTOR_LR 
Functional connectivity matrix for motor task	304020_tfMRI_MOTOR_LR 
Functional connectivity matrix for motor task	178748_tfMRI_MOTOR_LR 
Functional connectivity matrix for resting state	433839_rfMRI_REST1_LR 
Functional connectivity matrix for motor task	101107_tfMRI_MOTOR_LR 
Functional connectivity matrix for resting state	180836_rfMRI_REST1_LR 
Functional connectivity matrix for motor task	172433_tfMRI_MOTOR_LR 
Functional connectivity matrix for resting state	185038_rfMRI_REST1_LR 
Functional connectivity matrix for resting state	133019_rfMRI_REST1_LR 
Functional connectivity matrix for resting state	102109_rfMRI_REST1_LR 
Functional connectivity matrix for motor task	156233_tfMRI_MOTOR_LR 
Functional connectivity matrix for motor task	122418_tfMRI_MOTOR_LR 
Functional connectivity matrix for resting state	168240_rfMRI_REST1_LR 
Functional connectivity matrix for resting state	175237_rfMRI_REST1_LR 
Functional connectivity matrix for motor task	360030_tfMRI_MOTOR_LR 
Functional connectivity matrix for motor task	346945_tfMRI_MOTOR_LR 
Functional connectivity matrix for resting state	192540_rfMRI_REST1_LR 
Functional connectivity matrix for resting state	690152_rfMRI_REST1_LR 
Functional connectivity matrix for motor task	255740_tfMRI_MOTOR_LR 
Functional connectivity matrix for resting state	657659_rfMRI_REST1_LR 
Functional connectivity matrix for resting state	187850_rfMRI_REST1_LR 
Functional connectivity matrix for resting state	585256_rfMRI_REST1_LR 
Functional connectivity matrix for resting state	130619_rfMRI_REST1_LR 
Functional connectivity matrix for resting state	224022_rfMRI_REST1_LR 
Functional connectivity matrix for motor task	165032_tfMRI_MOTOR_LR 
Functional connectivity matrix for resting state	144832_rfMRI_REST1_LR 
Functional connectivity matrix for motor task	141119_tfMRI_MOTOR_LR 
Functional connectivity matrix for motor task	318637_tfMRI_MOTOR_LR 
Functional connectivity matrix for motor task	172534_tfMRI_MOTOR_LR 
Functional connectivity matrix for motor task	119732_tfMRI_MOTOR_LR 
Functional connectivity matrix for resting state	713239_rfMRI_REST1_LR 
Functional connectivity matrix for resting state	108323_rfMRI_REST1_LR 
Functional connectivity matrix for motor task	133019_tfMRI_MOTOR_LR 
Functional connectivity matrix for resting state	579665_rfMRI_REST1_LR 
Functional connectivity matrix for resting state	146735_rfMRI_REST1_LR 
Functional connectivity matrix for motor task	601127_tfMRI_MOTOR_LR 
Functional connectivity matrix for motor task	304727_tfMRI_MOTOR_LR 
Functional connectivity matrix for motor task	709551_tfMRI_MOTOR_LR 
Functional connectivity matrix for resting state	664757_rfMRI_REST1_LR 
Functional connectivity matrix for resting state	499566_rfMRI_REST1_LR 
Functional connectivity matrix for resting state	397154_rfMRI_REST1_LR 
Functional connectivity matrix for motor task	233326_tfMRI_MOTOR_LR 
Functional connectivity matrix for resting state	152225_rfMRI_REST1_LR 
Functional connectivity matrix for motor task	178243_tfMRI_MOTOR_LR 
Functional connectivity matrix for resting state	155938_rfMRI_REST1_LR 
Functional connectivity matrix for motor task	701535_tfMRI_MOTOR_LR 
Functional connectivity matrix for motor task	644246_tfMRI_MOTOR_LR 
Functional connectivity matrix for motor task	559053_tfMRI_MOTOR_LR 
Functional connectivity matrix for resting state	146129_rfMRI_REST1_LR 
Functional connectivity matrix for motor task	727553_tfMRI_MOTOR_LR 
Functional connectivity matrix for motor task	130316_tfMRI_MOTOR_LR 
Functional connectivity matrix for resting state	497865_rfMRI_REST1_LR 
Functional connectivity matrix for motor task	355239_tfMRI_MOTOR_LR 
Functional connectivity matrix for motor task	122620_tfMRI_MOTOR_LR 
Functional connectivity matrix for resting state	209228_rfMRI_REST1_LR 
Functional connectivity matrix for resting state	567961_rfMRI_REST1_LR 
Functional connectivity matrix for motor task	120212_tfMRI_MOTOR_LR 
Functional connectivity matrix for resting state	164636_rfMRI_REST1_LR 
Functional connectivity matrix for resting state	147636_rfMRI_REST1_LR 
Functional connectivity matrix for resting state	188448_rfMRI_REST1_LR 
Functional connectivity matrix for motor task	308129_tfMRI_MOTOR_LR 
Functional connectivity matrix for resting state	685058_rfMRI_REST1_LR 
Functional connectivity matrix for motor task	525541_tfMRI_MOTOR_LR 
Functional connectivity matrix for motor task	654552_tfMRI_MOTOR_LR 
Functional connectivity matrix for resting state	175742_rfMRI_REST1_LR 
Functional connectivity matrix for motor task	102614_tfMRI_MOTOR_LR 
Functional connectivity matrix for motor task	121921_tfMRI_MOTOR_LR 
Functional connectivity matrix for motor task	689470_tfMRI_MOTOR_LR 
Functional connectivity matrix for motor task	680957_tfMRI_MOTOR_LR 
Functional connectivity matrix for motor task	200109_tfMRI_MOTOR_LR 
Functional connectivity matrix for resting state	210112_rfMRI_REST1_LR 
Functional connectivity matrix for resting state	138332_rfMRI_REST1_LR 
Functional connectivity matrix for motor task	572045_tfMRI_MOTOR_LR 
Functional connectivity matrix for resting state	206727_rfMRI_REST1_LR 
Functional connectivity matrix for resting state	393247_rfMRI_REST1_LR 
Functional connectivity matrix for motor task	127226_tfMRI_MOTOR_LR 
Functional connectivity matrix for motor task	298051_tfMRI_MOTOR_LR 
Functional connectivity matrix for motor task	617748_tfMRI_MOTOR_LR 
Functional connectivity matrix for motor task	105115_tfMRI_MOTOR_LR 
Functional connectivity matrix for resting state	397861_rfMRI_REST1_LR 
Functional connectivity matrix for motor task	219231_tfMRI_MOTOR_LR 
Functional connectivity matrix for motor task	314225_tfMRI_MOTOR_LR 
Functional connectivity matrix for motor task	104820_tfMRI_MOTOR_LR 
Functional connectivity matrix for resting state	158843_rfMRI_REST1_LR 
Functional connectivity matrix for motor task	139233_tfMRI_MOTOR_LR 
Functional connectivity matrix for motor task	609143_tfMRI_MOTOR_LR 
Functional connectivity matrix for motor task	164636_tfMRI_MOTOR_LR 
Functional connectivity matrix for resting state	128935_rfMRI_REST1_LR 
Functional connectivity matrix for resting state	154229_rfMRI_REST1_LR 
Functional connectivity matrix for resting state	214726_rfMRI_REST1_LR 
Functional connectivity matrix for motor task	213522_tfMRI_MOTOR_LR 
Functional connectivity matrix for resting state	128026_rfMRI_REST1_LR 
Functional connectivity matrix for resting state	667056_rfMRI_REST1_LR 
Functional connectivity matrix for resting state	121416_rfMRI_REST1_LR 
Functional connectivity matrix for motor task	132017_tfMRI_MOTOR_LR 
Functional connectivity matrix for motor task	123925_tfMRI_MOTOR_LR 
Functional connectivity matrix for motor task	201111_tfMRI_MOTOR_LR 
Functional connectivity matrix for motor task	131823_tfMRI_MOTOR_LR 
Functional connectivity matrix for motor task	211922_tfMRI_MOTOR_LR 
Functional connectivity matrix for resting state	103818_rfMRI_REST1_LR 
Functional connectivity matrix for motor task	249947_tfMRI_MOTOR_LR 
Functional connectivity matrix for resting state	660951_rfMRI_REST1_LR 
Functional connectivity matrix for resting state	149539_rfMRI_REST1_LR 
Functional connectivity matrix for motor task	143224_tfMRI_MOTOR_LR 
Functional connectivity matrix for motor task	172029_tfMRI_MOTOR_LR 
Functional connectivity matrix for resting state	219231_rfMRI_REST1_LR 
Functional connectivity matrix for resting state	250932_rfMRI_REST1_LR 
Functional connectivity matrix for resting state	130821_rfMRI_REST1_LR 
Functional connectivity matrix for resting state	129937_rfMRI_REST1_LR 
Functional connectivity matrix for resting state	114924_rfMRI_REST1_LR 
Functional connectivity matrix for resting state	113619_rfMRI_REST1_LR 
Functional connectivity matrix for resting state	199958_rfMRI_REST1_LR 
Functional connectivity matrix for resting state	136833_rfMRI_REST1_LR 
Functional connectivity matrix for resting state	571144_rfMRI_REST1_LR 
Functional connectivity matrix for resting state	173435_rfMRI_REST1_LR 
Functional connectivity matrix for resting state	144731_rfMRI_REST1_LR 
Functional connectivity matrix for resting state	118932_rfMRI_REST1_LR 
Functional connectivity matrix for motor task	729254_tfMRI_MOTOR_LR 
Functional connectivity matrix for motor task	151728_tfMRI_MOTOR_LR 
Functional connectivity matrix for resting state	365343_rfMRI_REST1_LR 
Functional connectivity matrix for motor task	541943_tfMRI_MOTOR_LR 
Functional connectivity matrix for resting state	193845_rfMRI_REST1_LR 
Functional connectivity matrix for resting state	689470_rfMRI_REST1_LR 
Functional connectivity matrix for resting state	329440_rfMRI_REST1_LR 
Functional connectivity matrix for motor task	361941_tfMRI_MOTOR_LR 
Functional connectivity matrix for motor task	201515_tfMRI_MOTOR_LR 
Functional connectivity matrix for motor task	118831_tfMRI_MOTOR_LR 
Functional connectivity matrix for motor task	414229_tfMRI_MOTOR_LR 
Functional connectivity matrix for resting state	378756_rfMRI_REST1_LR 
Functional connectivity matrix for motor task	130013_tfMRI_MOTOR_LR 
Functional connectivity matrix for resting state	154734_rfMRI_REST1_LR 
Functional connectivity matrix for resting state	138231_rfMRI_REST1_LR 
Functional connectivity matrix for motor task	558657_tfMRI_MOTOR_LR 
Functional connectivity matrix for motor task	115017_tfMRI_MOTOR_LR 
Functional connectivity matrix for resting state	138837_rfMRI_REST1_LR 
Functional connectivity matrix for resting state	318637_rfMRI_REST1_LR 
Functional connectivity matrix for resting state	381038_rfMRI_REST1_LR 
Functional connectivity matrix for resting state	555348_rfMRI_REST1_LR 
Functional connectivity matrix for resting state	178950_rfMRI_REST1_LR 
Functional connectivity matrix for motor task	106016_tfMRI_MOTOR_LR 
Functional connectivity matrix for resting state	161832_rfMRI_REST1_LR 
Functional connectivity matrix for resting state	500222_rfMRI_REST1_LR 
Functional connectivity matrix for motor task	356948_tfMRI_MOTOR_LR 
Functional connectivity matrix for motor task	283543_tfMRI_MOTOR_LR 
Functional connectivity matrix for resting state	448347_rfMRI_REST1_LR 
Functional connectivity matrix for motor task	200513_tfMRI_MOTOR_LR 
Functional connectivity matrix for resting state	397760_rfMRI_REST1_LR 
Functional connectivity matrix for resting state	720337_rfMRI_REST1_LR 
Functional connectivity matrix for resting state	153934_rfMRI_REST1_LR 
Functional connectivity matrix for resting state	715950_rfMRI_REST1_LR 
Functional connectivity matrix for motor task	177746_tfMRI_MOTOR_LR 
Functional connectivity matrix for resting state	137633_rfMRI_REST1_LR 
Functional connectivity matrix for resting state	581450_rfMRI_REST1_LR 
Functional connectivity matrix for motor task	475855_tfMRI_MOTOR_LR 
Functional connectivity matrix for motor task	168139_tfMRI_MOTOR_LR 
Functional connectivity matrix for resting state	285446_rfMRI_REST1_LR 
Functional connectivity matrix for motor task	110613_tfMRI_MOTOR_LR 
Functional connectivity matrix for motor task	463040_tfMRI_MOTOR_LR 
Functional connectivity matrix for motor task	123521_tfMRI_MOTOR_LR 
Functional connectivity matrix for motor task	628248_tfMRI_MOTOR_LR 
Functional connectivity matrix for resting state	173839_rfMRI_REST1_LR 
Functional connectivity matrix for motor task	530635_tfMRI_MOTOR_LR 
Functional connectivity matrix for resting state	149842_rfMRI_REST1_LR 
Functional connectivity matrix for motor task	105014_tfMRI_MOTOR_LR 
Functional connectivity matrix for motor task	151526_tfMRI_MOTOR_LR 
Functional connectivity matrix for motor task	102008_tfMRI_MOTOR_LR 
Functional connectivity matrix for motor task	181636_tfMRI_MOTOR_LR 
Functional connectivity matrix for resting state	105014_rfMRI_REST1_LR 
Functional connectivity matrix for resting state	166438_rfMRI_REST1_LR 
Functional connectivity matrix for resting state	120212_rfMRI_REST1_LR 
Functional connectivity matrix for motor task	352738_tfMRI_MOTOR_LR 
Functional connectivity matrix for resting state	615441_rfMRI_REST1_LR 
Functional connectivity matrix for resting state	654552_rfMRI_REST1_LR 
Functional connectivity matrix for motor task	183337_tfMRI_MOTOR_LR 
Functional connectivity matrix for resting state	160830_rfMRI_REST1_LR 
Functional connectivity matrix for motor task	110411_tfMRI_MOTOR_LR 
Functional connectivity matrix for resting state	112314_rfMRI_REST1_LR 
Functional connectivity matrix for resting state	346945_rfMRI_REST1_LR 
Functional connectivity matrix for resting state	154936_rfMRI_REST1_LR 
Functional connectivity matrix for motor task	381038_tfMRI_MOTOR_LR 
Functional connectivity matrix for motor task	146432_tfMRI_MOTOR_LR 
Functional connectivity matrix for motor task	449753_tfMRI_MOTOR_LR 
Functional connectivity matrix for motor task	103818_tfMRI_MOTOR_LR 
Functional connectivity matrix for motor task	579665_tfMRI_MOTOR_LR 
Functional connectivity matrix for motor task	133827_tfMRI_MOTOR_LR 
Functional connectivity matrix for motor task	117324_tfMRI_MOTOR_LR 
Functional connectivity matrix for resting state	140117_rfMRI_REST1_LR 
Functional connectivity matrix for motor task	100307_tfMRI_MOTOR_LR 
Functional connectivity matrix for resting state	115825_rfMRI_REST1_LR 
Functional connectivity matrix for motor task	198249_tfMRI_MOTOR_LR 
Functional connectivity matrix for resting state	169949_rfMRI_REST1_LR 
Functional connectivity matrix for motor task	108020_tfMRI_MOTOR_LR 
Functional connectivity matrix for motor task	192641_tfMRI_MOTOR_LR 
Functional connectivity matrix for motor task	305830_tfMRI_MOTOR_LR 
Functional connectivity matrix for resting state	307127_rfMRI_REST1_LR 
Functional connectivity matrix for resting state	113316_rfMRI_REST1_LR 
Functional connectivity matrix for motor task	192540_tfMRI_MOTOR_LR 
